[[{"X": 0, "Y": 0, "Jump": 0, "Jab": 0, "Strong": 0, "Fierce": 0, "Short": 0, "Forward": 0, "Roundhouse": 0, "Block": 0, "Special": 0}, {"X": 0, "Y": 0, "Jump": 0, "Jab": 0, "Strong": 0, "Fierce": 0, "Short": 0, "Forward": 0, "Roundhouse": 0, "Block": 0, "Special": 0}], [{"X": 0, "Y": 0, "Jump": 0, "Jab": 0, "Strong": 0, "Fierce": 0, "Short": 0, "Forward": 0, "Roundhouse": 0, "Block": 0, "Special": 0}, {"X": 0, "Y": 0, "Jump": 0, "Jab": 0, "Strong": 0, "Fierce": 0, "Short": 0, "Forward": 0, "Roundhouse": 0, "Block": 0, "Special": 0}], [{"X": 0, "Y": 0, "Jump": 0, "Jab": 0, "Strong": 0, "Fierce": 0, "Short": 0, "Forward": 0, "Roundhouse": 0, "Block": 0, "Special": 0}, {"X": 0, "Y": 0, "Jump": 0, "Jab": 0, "Strong": 0, "Fierce": 0, "Short": 0, "Forward": 0, "Roundhouse": 0, "Block": 0, "Special": 0}], [{"X": 0, "Y": 0, "Jump": 0, "Jab": 0, "Strong": 0, "Fierce": 0, "Short": 0, "Forward": 0, "Roundhouse": 0, "Block": 0, "Special": 0}, {"X": 0, "Y": 0, "Jump": 0, "Jab": 0, "Strong": 0, "Fierce": 0, "Short": 0, "Forward": 0, "Roundhouse": 0, "Block": 0, "Special": 0}], [{"X": 0, "Y": 0, "Jump": 0, "Jab": 0, "Strong": 0, "Fierce": 0, "Short": 0, "Forward": 0, "Roundhouse": 0, "Block": 0, "Special": 0}, {"X": 0, "Y": 0, "Jump": 0, "Jab": 0, "Strong": 0, "Fierce": 0, "Short": 0, "Forward": 0, "Roundhouse": 0, "Block": 0, "Special": 0}], [{"X": 0, "Y": 0, "Jump": 0, "Jab": 0, "Strong": 0, "Fierce": 0, "Short": 0, "Forward": 0, "Roundhouse": 0, "Block": 0, "Special": 0}, {"X": 0, "Y": 0, "Jump": 0, "Jab": 0, "Strong": 0, "Fierce": 0, "Short": 0, "Forward": 0, "Roundhouse": 0, "Block": 0, "Special": 0}], [{"X": 0, "Y": 0, "Jump": 0, "Jab": 0, "Strong": 0, "Fierce": 0, "Short": 0, "Forward": 0, "Roundhouse": 0, "Block": 0, "Special": 0}, {"X": 0, "Y": 0, "Jump": 0, "Jab": 0, "Strong": 0, "Fierce": 0, "Short": 0, "Forward": 0, "Roundhouse": 0, "Block": 0, "Special": 0}], [{"X": 0, "Y": 0, "Jump": 0, "Jab": 0, "Strong": 0, "Fierce": 0, "Short": 0, "Forward": 0, "Roundhouse": 0, "Block": 0, "Special": 0}, {"X": 0, "Y": 0, "Jump": 0, "Jab": 0, "Strong": 0, "Fierce": 0, "Short": 0, "Forward": 0, "Roundhouse": 0, "Block": 0, "Special": 0}], [{"X": 0, "Y": 0, "Jump": 0, "Jab": 0, "Strong": 0, "Fierce": 0, "Short": 0, "Forward": 0, "Roundhouse": 0, "Block": 0, "Special": 0}, {"X": 0, "Y": 0, "Jump": 0, "Jab": 0, "Strong": 0, "Fierce": 0, "Short": 0, "Forward": 0, "Roundhouse": 0, "Block": 0, "Special": 0}], [{"X": 0, "Y": 0, "Jump": 0, "Jab": 0, "Strong": 0, "Fierce": 0, "Short": 0, "Forward": 0, "Roundhouse": 0, "Block": 0, "Special": 0}, {"X": 0, "Y": 0, "Jump": 0, "Jab": 0, "Strong": 0, "Fierce": 0, "Short": 0, "Forward": 0, "Roundhouse": 0, "Block": 0, "Special": 0}], [{"X": 0, "Y": 0, "Jump": 0, "Jab": 0, "Strong": 0, "Fierce": 0, "Short": 0, "Forward": 0, "Roundhouse": 0, "Block": 0, "Special": 0}, {"X": 0, "Y": 0, "Jump": 0, "Jab": 0, "Strong": 0, "Fierce": 0, "Short": 0, "Forward": 0, "Roundhouse": 0, "Block": 0, "Special": 0}], [{"X": 0, "Y": 0, "Jump": 0, "Jab": 0, "Strong": 0, "Fierce": 0, "Short": 0, "Forward": 0, "Roundhouse": 0, "Block": 0, "Special": 0}, {"X": 0, "Y": 0, "Jump": 0, "Jab": 0, "Strong": 0, "Fierce": 0, "Short": 0, "Forward": 0, "Roundhouse": 0, "Block": 0, "Special": 0}], [{"X": 0, "Y": 0, "Jump": 0, "Jab": 0, "Strong": 0, "Fierce": 0, "Short": 0, "Forward": 0, "Roundhouse": 0, "Block": 0, "Special": 0}, {"X": 0, "Y": 0, "Jump": 0, "Jab": 0, "Strong": 0, "Fierce": 0, "Short": 0, "Forward": 0, "Roundhouse": 0, "Block": 0, "Special": 0}], [{"X": 0, "Y": 0, "Jump": 0, "Jab": 0, "Strong": 0, "Fierce": 0, "Short": 0, "Forward": 0, "Roundhouse": 0, "Block": 0, "Special": 0}, {"X": 0, "Y": 0, "Jump": 0, "Jab": 0, "Strong": 0, "Fierce": 0, "Short": 0, "Forward": 0, "Roundhouse": 0, "Block": 0, "Special": 0}], [{"X": 0, "Y": 0, "Jump": 0, "Jab": 0, "Strong": 0, "Fierce": 0, "Short": 0, "Forward": 0, "Roundhouse": 0, "Block": 0, "Special": 0}, {"X": 0, "Y": 0, "Jump": 0, "Jab": 0, "Strong": 0, "Fierce": 0, "Short": 0, "Forward": 0, "Roundhouse": 0, "Block": 0, "Special": 0}], [{"X": 0, "Y": 0, "Jump": 0, "Jab": 0, "Strong": 0, "Fierce": 0, "Short": 0, "Forward": 0, "Roundhouse": 0, "Block": 0, "Special": 0}, {"X": 0, "Y": 0, "Jump": 0, "Jab": 0, "Strong": 0, "Fierce": 0, "Short": 0, "Forward": 0, "Roundhouse": 0, "Block": 0, "Special": 0}], [{"X": 0, "Y": 0, "Jump": 0, "Jab": 0, "Strong": 0, "Fierce": 0, "Short": 0, "Forward": 0, "Roundhouse": 0, "Block": 0, "Special": 0}, {"X": 0, "Y": 0, "Jump": 0, "Jab": 0, "Strong": 0, "Fierce": 0, "Short": 0, "Forward": 0, "Roundhouse": 0, "Block": 0, "Special": 0}], [{"X": 0, "Y": 0, "Jump": 0, "Jab": 0, "Strong": 0, "Fierce": 0, "Short": 0, "Forward": 0, "Roundhouse": 0, "Block": 0, "Special": 0}, {"X": 0, "Y": 0, "Jump": 0, "Jab": 0, "Strong": 0, "Fierce": 0, "Short": 0, "Forward": 0, "Roundhouse": 0, "Block": 0, "Special": 0}], [{"X": 0, "Y": 0, "Jump": 0, "Jab": 0, "Strong": 0, "Fierce": 0, "Short": 0, "Forward": 0, "Roundhouse": 0, "Block": 0, "Special": 0}, {"X": 0, "Y": 0, "Jump": 0, "Jab": 0, "Strong": 0, "Fierce": 0, "Short": 0, "Forward": 0, "Roundhouse": 0, "Block": 0, "Special": 0}], [{"X": 0, "Y": 0, "Jump": 0, "Jab": 0, "Strong": 0, "Fierce": 0, "Short": 0, "Forward": 0, "Roundhouse": 0, "Block": 0, "Special": 0}, {"X": 0, "Y": 0, "Jump": 0, "Jab": 0, "Strong": 0, "Fierce": 0, "Short": 0, "Forward": 0, "Roundhouse": 0, "Block": 0, "Special": 0}], [{"X": 0, "Y": 0, "Jump": 0, "Jab": 0, "Strong": 0, "Fierce": 0, "Short": 0, "Forward": 0, "Roundhouse": 0, "Block": 0, "Special": 0}, {"X": 0, "Y": 0, "Jump": 0, "Jab": 0, "Strong": 0, "Fierce": 0, "Short": 0, "Forward": 0, "Roundhouse": 0, "Block": 0, "Special": 0}], [{"X": 0, "Y": 0, "Jump": 0, "Jab": 0, "Strong": 0, "Fierce": 0, "Short": 0, "Forward": 0, "Roundhouse": 0, "Block": 0, "Special": 0}, {"X": 0, "Y": 0, "Jump": 0, "Jab": 0, "Strong": 0, "Fierce": 0, "Short": 0, "Forward": 0, "Roundhouse": 0, "Block": 0, "Special": 0}], [{"X": 0, "Y": 0, "Jump": 0, "Jab": 0, "Strong": 0, "Fierce": 0, "Short": 0, "Forward": 0, "Roundhouse": 0, "Block": 0, "Special": 0}, {"X": 0, "Y": 0, "Jump": 0, "Jab": 0, "Strong": 0, "Fierce": 0, "Short": 0, "Forward": 0, "Roundhouse": 0, "Block": 0, "Special": 0}], [{"X": 0, "Y": 0, "Jump": 0, "Jab": 0, "Strong": 0, "Fierce": 0, "Short": 0, "Forward": 0, "Roundhouse": 0, "Block": 0, "Special": 0}, {"X": 0, "Y": 0, "Jump": 0, "Jab": 0, "Strong": 0, "Fierce": 0, "Short": 0, "Forward": 0, "Roundhouse": 0, "Block": 0, "Special": 0}], [{"X": 0, "Y": 0, "Jump": 0, "Jab": 0, "Strong": 0, "Fierce": 0, "Short": 0, "Forward": 0, "Roundhouse": 0, "Block": 0, "Special": 0}, {"X": 0, "Y": 0, "Jump": 0, "Jab": 0, "Strong": 0, "Fierce": 0, "Short": 0, "Forward": 0, "Roundhouse": 0, "Block": 0, "Special": 0}], [{"X": 0, "Y": 0, "Jump": 0, "Jab": 0, "Strong": 0, "Fierce": 0, "Short": 0, "Forward": 0, "Roundhouse": 0, "Block": 0, "Special": 0}, {"X": 0, "Y": 0, "Jump": 0, "Jab": 0, "Strong": 0, "Fierce": 0, "Short": 0, "Forward": 0, "Roundhouse": 0, "Block": 0, "Special": 0}], [{"X": 0, "Y": 0, "Jump": 0, "Jab": 0, "Strong": 0, "Fierce": 0, "Short": 0, "Forward": 0, "Roundhouse": 0, "Block": 0, "Special": 0}, {"X": 0, "Y": 0, "Jump": 0, "Jab": 0, "Strong": 0, "Fierce": 0, "Short": 0, "Forward": 0, "Roundhouse": 0, "Block": 0, "Special": 0}], [{"X": 1, "Y": 0, "Jump": 1, "Jab": 0, "Strong": 0, "Fierce": 0, "Short": 0, "Forward": 0, "Roundhouse": 0, "Block": 0, "Special": 0}, {"X": 0, "Y": 0, "Jump": 0, "Jab": 0, "Strong": 0, "Fierce": 0, "Short": 0, "Forward": 0, "Roundhouse": 0, "Block": 0, "Special": 0}], [{"X": 1, "Y": 0, "Jump": 1, "Jab": 0, "Strong": 0, "Fierce": 0, "Short": 0, "Forward": 0, "Roundhouse": 0, "Block": 0, "Special": 0}, {"X": 0, "Y": 0, "Jump": 0, "Jab": 0, "Strong": 0, "Fierce": 0, "Short": 0, "Forward": 0, "Roundhouse": 0, "Block": 0, "Special": 0}], [{"X": 1, "Y": 0, "Jump": 1, "Jab": 0, "Strong": 0, "Fierce": 0, "Short": 0, "Forward": 0, "Roundhouse": 0, "Block": 0, "Special": 0}, {"X": 0, "Y": 0, "Jump": 0, "Jab": 0, "Strong": 0, "Fierce": 0, "Short": 0, "Forward": 0, "Roundhouse": 0, "Block": 0, "Special": 0}], [{"X": 1, "Y": 0, "Jump": 1, "Jab": 0, "Strong": 0, "Fierce": 0, "Short": 0, "Forward": 0, "Roundhouse": 0, "Block": 0, "Special": 0}, {"X": 0, "Y": 0, "Jump": 0, "Jab": 0, "Strong": 0, "Fierce": 0, "Short": 0, "Forward": 0, "Roundhouse": 0, "Block": 0, "Special": 0}], [{"X": 1, "Y": 0, "Jump": 1, "Jab": 0, "Strong": 0, "Fierce": 0, "Short": 0, "Forward": 0, "Roundhouse": 0, "Block": 0, "Special": 0}, {"X": 0, "Y": 0, "Jump": 0, "Jab": 0, "Strong": 0, "Fierce": 0, "Short": 0, "Forward": 0, "Roundhouse": 0, "Block": 0, "Special": 0}], [{"X": 1, "Y": 0, "Jump": 1, "Jab": 0, "Strong": 0, "Fierce": 0, "Short": 0, "Forward": 0, "Roundhouse": 0, "Block": 0, "Special": 0}, {"X": 0, "Y": 0, "Jump": 0, "Jab": 0, "Strong": 0, "Fierce": 0, "Short": 0, "Forward": 0, "Roundhouse": 0, "Block": 0, "Special": 0}], [{"X": 1, "Y": 0, "Jump": 1, "Jab": 0, "Strong": 0, "Fierce": 0, "Short": 0, "Forward": 0, "Roundhouse": 0, "Block": 0, "Special": 0}, {"X": 0, "Y": 0, "Jump": 0, "Jab": 0, "Strong": 0, "Fierce": 0, "Short": 0, "Forward": 0, "Roundhouse": 0, "Block": 0, "Special": 0}], [{"X": 1, "Y": 0, "Jump": 1, "Jab": 0, "Strong": 0, "Fierce": 0, "Short": 0, "Forward": 0, "Roundhouse": 0, "Block": 0, "Special": 0}, {"X": 0, "Y": 0, "Jump": 0, "Jab": 0, "Strong": 0, "Fierce": 0, "Short": 0, "Forward": 0, "Roundhouse": 0, "Block": 0, "Special": 0}], [{"X": 1, "Y": 0, "Jump": 0, "Jab": 0, "Strong": 0, "Fierce": 0, "Short": 0, "Forward": 0, "Roundhouse": 0, "Block": 0, "Special": 0}, {"X": 0, "Y": 0, "Jump": 0, "Jab": 0, "Strong": 0, "Fierce": 0, "Short": 0, "Forward": 0, "Roundhouse": 0, "Block": 0, "Special": 0}], [{"X": 1, "Y": 0, "Jump": 0, "Jab": 0, "Strong": 0, "Fierce": 0, "Short": 0, "Forward": 0, "Roundhouse": 0, "Block": 0, "Special": 0}, {"X": 0, "Y": 0, "Jump": 0, "Jab": 0, "Strong": 0, "Fierce": 0, "Short": 0, "Forward": 0, "Roundhouse": 0, "Block": 0, "Special": 0}], [{"X": 1, "Y": 0, "Jump": 0, "Jab": 0, "Strong": 0, "Fierce": 0, "Short": 0, "Forward": 0, "Roundhouse": 0, "Block": 0, "Special": 0}, {"X": 0, "Y": 0, "Jump": 0, "Jab": 0, "Strong": 0, "Fierce": 0, "Short": 0, "Forward": 0, "Roundhouse": 0, "Block": 0, "Special": 0}], [{"X": 1, "Y": 0, "Jump": 0, "Jab": 0, "Strong": 0, "Fierce": 0, "Short": 0, "Forward": 0, "Roundhouse": 0, "Block": 0, "Special": 0}, {"X": 0, "Y": 0, "Jump": 0, "Jab": 0, "Strong": 0, "Fierce": 0, "Short": 0, "Forward": 0, "Roundhouse": 0, "Block": 0, "Special": 0}], [{"X": 1, "Y": 0, "Jump": 0, "Jab": 0, "Strong": 0, "Fierce": 0, "Short": 0, "Forward": 0, "Roundhouse": 0, "Block": 0, "Special": 0}, {"X": 0, "Y": 0, "Jump": 0, "Jab": 0, "Strong": 0, "Fierce": 0, "Short": 0, "Forward": 0, "Roundhouse": 0, "Block": 0, "Special": 0}], [{"X": 1, "Y": 0, "Jump": 0, "Jab": 0, "Strong": 0, "Fierce": 0, "Short": 0, "Forward": 0, "Roundhouse": 0, "Block": 0, "Special": 0}, {"X": 0, "Y": 0, "Jump": 0, "Jab": 0, "Strong": 0, "Fierce": 0, "Short": 0, "Forward": 0, "Roundhouse": 0, "Block": 0, "Special": 0}], [{"X": 1, "Y": 0, "Jump": 0, "Jab": 0, "Strong": 0, "Fierce": 0, "Short": 0, "Forward": 0, "Roundhouse": 0, "Block": 0, "Special": 0}, {"X": 0, "Y": 0, "Jump": 0, "Jab": 0, "Strong": 0, "Fierce": 0, "Short": 0, "Forward": 0, "Roundhouse": 0, "Block": 0, "Special": 0}], [{"X": 1, "Y": 0, "Jump": 0, "Jab": 0, "Strong": 0, "Fierce": 0, "Short": 0, "Forward": 0, "Roundhouse": 0, "Block": 0, "Special": 0}, {"X": 0, "Y": 0, "Jump": 0, "Jab": 0, "Strong": 0, "Fierce": 0, "Short": 0, "Forward": 0, "Roundhouse": 0, "Block": 0, "Special": 0}], [{"X": 1, "Y": 0, "Jump": 0, "Jab": 0, "Strong": 0, "Fierce": 0, "Short": 0, "Forward": 0, "Roundhouse": 1, "Block": 0, "Special": 0}, {"X": 0, "Y": 0, "Jump": 0, "Jab": 0, "Strong": 0, "Fierce": 0, "Short": 0, "Forward": 0, "Roundhouse": 0, "Block": 0, "Special": 0}], [{"X": 1, "Y": 0, "Jump": 0, "Jab": 0, "Strong": 0, "Fierce": 0, "Short": 0, "Forward": 0, "Roundhouse": 1, "Block": 0, "Special": 0}, {"X": 0, "Y": 0, "Jump": 0, "Jab": 0, "Strong": 0, "Fierce": 0, "Short": 0, "Forward": 0, "Roundhouse": 0, "Block": 0, "Special": 0}], [{"X": 1, "Y": 0, "Jump": 0, "Jab": 0, "Strong": 0, "Fierce": 0, "Short": 0, "Forward": 0, "Roundhouse": 1, "Block": 0, "Special": 0}, {"X": 0, "Y": 0, "Jump": 0, "Jab": 0, "Strong": 0, "Fierce": 0, "Short": 0, "Forward": 0, "Roundhouse": 0, "Block": 0, "Special": 0}], [{"X": 1, "Y": 0, "Jump": 0, "Jab": 0, "Strong": 0, "Fierce": 0, "Short": 0, "Forward": 0, "Roundhouse": 1, "Block": 0, "Special": 0}, {"X": 0, "Y": 0, "Jump": 0, "Jab": 0, "Strong": 0, "Fierce": 0, "Short": 0, "Forward": 0, "Roundhouse": 0, "Block": 0, "Special": 0}], [{"X": -1, "Y": 0, "Jump": 1, "Jab": 0, "Strong": 0, "Fierce": 0, "Short": 0, "Forward": 0, "Roundhouse": 0, "Block": 0, "Special": 0}, {"X": 0, "Y": 0, "Jump": 0, "Jab": 0, "Strong": 0, "Fierce": 0, "Short": 0, "Forward": 0, "Roundhouse": 0, "Block": 0, "Special": 0}], [{"X": -1, "Y": 0, "Jump": 1, "Jab": 0, "Strong": 0, "Fierce": 0, "Short": 0, "Forward": 0, "Roundhouse": 0, "Block": 0, "Special": 0}, {"X": 0, "Y": 0, "Jump": 0, "Jab": 0, "Strong": 0, "Fierce": 0, "Short": 0, "Forward": 0, "Roundhouse": 0, "Block": 0, "Special": 0}], [{"X": -1, "Y": 0, "Jump": 1, "Jab": 0, "Strong": 0, "Fierce": 0, "Short": 0, "Forward": 0, "Roundhouse": 0, "Block": 0, "Special": 0}, {"X": 0, "Y": 0, "Jump": 0, "Jab": 0, "Strong": 0, "Fierce": 0, "Short": 0, "Forward": 0, "Roundhouse": 0, "Block": 0, "Special": 0}], [{"X": -1, "Y": 0, "Jump": 1, "Jab": 0, "Strong": 0, "Fierce": 0, "Short": 0, "Forward": 0, "Roundhouse": 1, "Block": 0, "Special": 0}, {"X": 0, "Y": 0, "Jump": 0, "Jab": 0, "Strong": 0, "Fierce": 0, "Short": 0, "Forward": 0, "Roundhouse": 0, "Block": 0, "Special": 0}], [{"X": -1, "Y": 0, "Jump": 1, "Jab": 0, "Strong": 0, "Fierce": 0, "Short": 0, "Forward": 0, "Roundhouse": 1, "Block": 0, "Special": 0}, {"X": 0, "Y": 0, "Jump": 0, "Jab": 0, "Strong": 0, "Fierce": 0, "Short": 0, "Forward": 0, "Roundhouse": 0, "Block": 0, "Special": 0}], [{"X": -1, "Y": 0, "Jump": 1, "Jab": 0, "Strong": 0, "Fierce": 0, "Short": 0, "Forward": 0, "Roundhouse": 1, "Block": 0, "Special": 0}, {"X": 0, "Y": 0, "Jump": 0, "Jab": 0, "Strong": 0, "Fierce": 0, "Short": 0, "Forward": 0, "Roundhouse": 0, "Block": 0, "Special": 0}], [{"X": -1, "Y": 0, "Jump": 1, "Jab": 0, "Strong": 0, "Fierce": 0, "Short": 0, "Forward": 0, "Roundhouse": 0, "Block": 0, "Special": 0}, {"X": 0, "Y": 0, "Jump": 0, "Jab": 0, "Strong": 0, "Fierce": 0, "Short": 0, "Forward": 0, "Roundhouse": 0, "Block": 0, "Special": 0}], [{"X": -1, "Y": 0, "Jump": 1, "Jab": 0, "Strong": 0, "Fierce": 0, "Short": 0, "Forward": 0, "Roundhouse": 1, "Block": 0, "Special": 0}, {"X": 0, "Y": 0, "Jump": 0, "Jab": 0, "Strong": 0, "Fierce": 0, "Short": 0, "Forward": 0, "Roundhouse": 0, "Block": 0, "Special": 0}], [{"X": -1, "Y": 0, "Jump": 1, "Jab": 0, "Strong": 0, "Fierce": 0, "Short": 0, "Forward": 0, "Roundhouse": 0, "Block": 0, "Special": 0}, {"X": 0, "Y": 0, "Jump": 0, "Jab": 0, "Strong": 0, "Fierce": 0, "Short": 0, "Forward": 0, "Roundhouse": 0, "Block": 0, "Special": 0}], [{"X": -1, "Y": 0, "Jump": 1, "Jab": 0, "Strong": 0, "Fierce": 0, "Short": 0, "Forward": 0, "Roundhouse": 0, "Block": 0, "Special": 0}, {"X": 0, "Y": 0, "Jump": 0, "Jab": 0, "Strong": 0, "Fierce": 0, "Short": 0, "Forward": 0, "Roundhouse": 0, "Block": 0, "Special": 0}], [{"X": -1, "Y": 0, "Jump": 1, "Jab": 0, "Strong": 0, "Fierce": 0, "Short": 0, "Forward": 0, "Roundhouse": 0, "Block": 0, "Special": 0}, {"X": 0, "Y": 0, "Jump": 0, "Jab": 0, "Strong": 0, "Fierce": 0, "Short": 0, "Forward": 0, "Roundhouse": 0, "Block": 0, "Special": 0}], [{"X": -1, "Y": 0, "Jump": 1, "Jab": 0, "Strong": 0, "Fierce": 0, "Short": 0, "Forward": 0, "Roundhouse": 0, "Block": 0, "Special": 0}, {"X": 0, "Y": 0, "Jump": 0, "Jab": 0, "Strong": 0, "Fierce": 0, "Short": 0, "Forward": 0, "Roundhouse": 0, "Block": 0, "Special": 0}], [{"X": -1, "Y": 0, "Jump": 1, "Jab": 0, "Strong": 0, "Fierce": 0, "Short": 0, "Forward": 0, "Roundhouse": 0, "Block": 0, "Special": 0}, {"X": 0, "Y": 0, "Jump": 0, "Jab": 0, "Strong": 0, "Fierce": 0, "Short": 0, "Forward": 0, "Roundhouse": 0, "Block": 0, "Special": 0}], [{"X": -1, "Y": 0, "Jump": 1, "Jab": 0, "Strong": 0, "Fierce": 0, "Short": 0, "Forward": 0, "Roundhouse": 0, "Block": 0, "Special": 0}, {"X": 0, "Y": 0, "Jump": 0, "Jab": 0, "Strong": 0, "Fierce": 0, "Short": 0, "Forward": 0, "Roundhouse": 0, "Block": 0, "Special": 0}], [{"X": -1, "Y": 0, "Jump": 1, "Jab": 0, "Strong": 0, "Fierce": 0, "Short": 0, "Forward": 0, "Roundhouse": 0, "Block": 0, "Special": 0}, {"X": 0, "Y": 0, "Jump": 0, "Jab": 0, "Strong": 0, "Fierce": 0, "Short": 0, "Forward": 0, "Roundhouse": 0, "Block": 0, "Special": 0}], [{"X": -1, "Y": 0, "Jump": 1, "Jab": 0, "Strong": 0, "Fierce": 0, "Short": 0, "Forward": 0, "Roundhouse": 0, "Block": 0, "Special": 0}, {"X": 0, "Y": 0, "Jump": 0, "Jab": 0, "Strong": 0, "Fierce": 0, "Short": 0, "Forward": 0, "Roundhouse": 0, "Block": 0, "Special": 0}], [{"X": -1, "Y": 0, "Jump": 1, "Jab": 0, "Strong": 0, "Fierce": 0, "Short": 0, "Forward": 0, "Roundhouse": 0, "Block": 0, "Special": 0}, {"X": 0, "Y": 0, "Jump": 0, "Jab": 0, "Strong": 0, "Fierce": 0, "Short": 0, "Forward": 0, "Roundhouse": 0, "Block": 0, "Special": 0}], [{"X": -1, "Y": 0, "Jump": 1, "Jab": 0, "Strong": 0, "Fierce": 0, "Short": 0, "Forward": 0, "Roundhouse": 0, "Block": 0, "Special": 0}, {"X": 0, "Y": 0, "Jump": 0, "Jab": 0, "Strong": 0, "Fierce": 0, "Short": 0, "Forward": 0, "Roundhouse": 0, "Block": 0, "Special": 0}], [{"X": -1, "Y": 0, "Jump": 1, "Jab": 0, "Strong": 0, "Fierce": 0, "Short": 0, "Forward": 0, "Roundhouse": 0, "Block": 0, "Special": 0}, {"X": 0, "Y": 0, "Jump": 0, "Jab": 0, "Strong": 0, "Fierce": 0, "Short": 0, "Forward": 0, "Roundhouse": 0, "Block": 0, "Special": 0}], [{"X": -1, "Y": 0, "Jump": 1, "Jab": 0, "Strong": 0, "Fierce": 0, "Short": 0, "Forward": 0, "Roundhouse": 0, "Block": 0, "Special": 0}, {"X": 0, "Y": 0, "Jump": 0, "Jab": 0, "Strong": 0, "Fierce": 0, "Short": 0, "Forward": 0, "Roundhouse": 0, "Block": 0, "Special": 0}], [{"X": -1, "Y": 0, "Jump": 1, "Jab": 0, "Strong": 0, "Fierce": 0, "Short": 0, "Forward": 0, "Roundhouse": 0, "Block": 0, "Special": 0}, {"X": 0, "Y": 0, "Jump": 0, "Jab": 0, "Strong": 0, "Fierce": 0, "Short": 0, "Forward": 0, "Roundhouse": 0, "Block": 0, "Special": 0}], [{"X": -1, "Y": 0, "Jump": 1, "Jab": 0, "Strong": 0, "Fierce": 0, "Short": 0, "Forward": 0, "Roundhouse": 0, "Block": 0, "Special": 0}, {"X": 0, "Y": 0, "Jump": 0, "Jab": 0, "Strong": 0, "Fierce": 0, "Short": 0, "Forward": 0, "Roundhouse": 0, "Block": 0, "Special": 0}], [{"X": -1, "Y": 0, "Jump": 1, "Jab": 0, "Strong": 0, "Fierce": 0, "Short": 0, "Forward": 0, "Roundhouse": 0, "Block": 0, "Special": 0}, {"X": 0, "Y": 0, "Jump": 0, "Jab": 0, "Strong": 0, "Fierce": 0, "Short": 0, "Forward": 0, "Roundhouse": 0, "Block": 0, "Special": 0}], [{"X": -1, "Y": 0, "Jump": 1, "Jab": 0, "Strong": 0, "Fierce": 0, "Short": 0, "Forward": 0, "Roundhouse": 0, "Block": 0, "Special": 0}, {"X": 0, "Y": 0, "Jump": 0, "Jab": 0, "Strong": 0, "Fierce": 0, "Short": 0, "Forward": 0, "Roundhouse": 0, "Block": 0, "Special": 0}], [{"X": -1, "Y": 0, "Jump": 1, "Jab": 0, "Strong": 0, "Fierce": 0, "Short": 0, "Forward": 0, "Roundhouse": 0, "Block": 0, "Special": 0}, {"X": 0, "Y": 0, "Jump": 0, "Jab": 0, "Strong": 0, "Fierce": 0, "Short": 0, "Forward": 0, "Roundhouse": 0, "Block": 0, "Special": 0}], [{"X": -1, "Y": 0, "Jump": 1, "Jab": 0, "Strong": 0, "Fierce": 0, "Short": 0, "Forward": 0, "Roundhouse": 0, "Block": 0, "Special": 0}, {"X": 0, "Y": 0, "Jump": 0, "Jab": 0, "Strong": 0, "Fierce": 0, "Short": 0, "Forward": 0, "Roundhouse": 0, "Block": 0, "Special": 0}], [{"X": -1, "Y": 0, "Jump": 1, "Jab": 0, "Strong": 0, "Fierce": 0, "Short": 0, "Forward": 0, "Roundhouse": 0, "Block": 0, "Special": 0}, {"X": 0, "Y": 0, "Jump": 0, "Jab": 0, "Strong": 0, "Fierce": 0, "Short": 0, "Forward": 0, "Roundhouse": 0, "Block": 0, "Special": 0}], [{"X": -1, "Y": 0, "Jump": 1, "Jab": 0, "Strong": 0, "Fierce": 0, "Short": 0, "Forward": 0, "Roundhouse": 0, "Block": 0, "Special": 0}, {"X": 0, "Y": 0, "Jump": 0, "Jab": 0, "Strong": 0, "Fierce": 0, "Short": 0, "Forward": 0, "Roundhouse": 0, "Block": 0, "Special": 0}], [{"X": -1, "Y": 0, "Jump": 1, "Jab": 0, "Strong": 0, "Fierce": 0, "Short": 0, "Forward": 0, "Roundhouse": 0, "Block": 0, "Special": 0}, {"X": 0, "Y": 0, "Jump": 0, "Jab": 0, "Strong": 0, "Fierce": 0, "Short": 0, "Forward": 0, "Roundhouse": 0, "Block": 0, "Special": 0}], [{"X": -1, "Y": 0, "Jump": 1, "Jab": 0, "Strong": 0, "Fierce": 0, "Short": 0, "Forward": 0, "Roundhouse": 1, "Block": 0, "Special": 0}, {"X": 0, "Y": 0, "Jump": 0, "Jab": 0, "Strong": 0, "Fierce": 0, "Short": 0, "Forward": 0, "Roundhouse": 0, "Block": 0, "Special": 0}], [{"X": -1, "Y": 0, "Jump": 1, "Jab": 0, "Strong": 0, "Fierce": 0, "Short": 0, "Forward": 0, "Roundhouse": 1, "Block": 0, "Special": 0}, {"X": 0, "Y": 0, "Jump": 0, "Jab": 0, "Strong": 0, "Fierce": 0, "Short": 0, "Forward": 0, "Roundhouse": 0, "Block": 0, "Special": 0}], [{"X": -1, "Y": 0, "Jump": 1, "Jab": 0, "Strong": 0, "Fierce": 0, "Short": 0, "Forward": 0, "Roundhouse": 1, "Block": 0, "Special": 0}, {"X": 0, "Y": 0, "Jump": 0, "Jab": 0, "Strong": 0, "Fierce": 0, "Short": 0, "Forward": 0, "Roundhouse": 0, "Block": 0, "Special": 0}], [{"X": -1, "Y": 0, "Jump": 1, "Jab": 0, "Strong": 0, "Fierce": 0, "Short": 0, "Forward": 0, "Roundhouse": 1, "Block": 0, "Special": 0}, {"X": 0, "Y": 0, "Jump": 0, "Jab": 0, "Strong": 0, "Fierce": 0, "Short": 0, "Forward": 0, "Roundhouse": 0, "Block": 0, "Special": 0}], [{"X": -1, "Y": 0, "Jump": 1, "Jab": 0, "Strong": 0, "Fierce": 0, "Short": 0, "Forward": 0, "Roundhouse": 0, "Block": 0, "Special": 0}, {"X": 0, "Y": 0, "Jump": 0, "Jab": 0, "Strong": 0, "Fierce": 0, "Short": 0, "Forward": 0, "Roundhouse": 0, "Block": 0, "Special": 0}], [{"X": -1, "Y": 0, "Jump": 1, "Jab": 0, "Strong": 0, "Fierce": 0, "Short": 0, "Forward": 0, "Roundhouse": 0, "Block": 0, "Special": 0}, {"X": 0, "Y": 0, "Jump": 0, "Jab": 0, "Strong": 0, "Fierce": 0, "Short": 0, "Forward": 0, "Roundhouse": 0, "Block": 0, "Special": 0}], [{"X": -1, "Y": 0, "Jump": 1, "Jab": 0, "Strong": 0, "Fierce": 0, "Short": 0, "Forward": 0, "Roundhouse": 0, "Block": 0, "Special": 0}, {"X": 0, "Y": 0, "Jump": 0, "Jab": 0, "Strong": 0, "Fierce": 0, "Short": 0, "Forward": 0, "Roundhouse": 0, "Block": 0, "Special": 0}], [{"X": -1, "Y": 0, "Jump": 1, "Jab": 0, "Strong": 0, "Fierce": 0, "Short": 0, "Forward": 0, "Roundhouse": 0, "Block": 0, "Special": 0}, {"X": 0, "Y": 0, "Jump": 0, "Jab": 0, "Strong": 0, "Fierce": 0, "Short": 0, "Forward": 0, "Roundhouse": 0, "Block": 0, "Special": 0}], [{"X": -1, "Y": 0, "Jump": 1, "Jab": 0, "Strong": 0, "Fierce": 0, "Short": 0, "Forward": 0, "Roundhouse": 0, "Block": 0, "Special": 0}, {"X": 0, "Y": 0, "Jump": 0, "Jab": 0, "Strong": 0, "Fierce": 0, "Short": 0, "Forward": 0, "Roundhouse": 0, "Block": 0, "Special": 0}], [{"X": -1, "Y": 0, "Jump": 1, "Jab": 0, "Strong": 0, "Fierce": 0, "Short": 0, "Forward": 0, "Roundhouse": 0, "Block": 0, "Special": 0}, {"X": 0, "Y": 0, "Jump": 0, "Jab": 0, "Strong": 0, "Fierce": 0, "Short": 0, "Forward": 0, "Roundhouse": 0, "Block": 0, "Special": 0}], [{"X": -1, "Y": 0, "Jump": 1, "Jab": 0, "Strong": 0, "Fierce": 0, "Short": 0, "Forward": 0, "Roundhouse": 0, "Block": 0, "Special": 0}, {"X": 0, "Y": 0, "Jump": 0, "Jab": 0, "Strong": 0, "Fierce": 0, "Short": 0, "Forward": 0, "Roundhouse": 0, "Block": 0, "Special": 0}], [{"X": -1, "Y": 0, "Jump": 1, "Jab": 0, "Strong": 0, "Fierce": 0, "Short": 0, "Forward": 0, "Roundhouse": 0, "Block": 0, "Special": 0}, {"X": 0, "Y": 0, "Jump": 0, "Jab": 0, "Strong": 0, "Fierce": 0, "Short": 0, "Forward": 0, "Roundhouse": 0, "Block": 0, "Special": 0}], [{"X": -1, "Y": 0, "Jump": 1, "Jab": 0, "Strong": 0, "Fierce": 0, "Short": 0, "Forward": 0, "Roundhouse": 0, "Block": 0, "Special": 0}, {"X": 0, "Y": 0, "Jump": 0, "Jab": 0, "Strong": 0, "Fierce": 0, "Short": 0, "Forward": 0, "Roundhouse": 0, "Block": 0, "Special": 0}], [{"X": -1, "Y": 0, "Jump": 1, "Jab": 0, "Strong": 0, "Fierce": 0, "Short": 0, "Forward": 0, "Roundhouse": 0, "Block": 0, "Special": 0}, {"X": 0, "Y": 0, "Jump": 0, "Jab": 0, "Strong": 0, "Fierce": 0, "Short": 0, "Forward": 0, "Roundhouse": 0, "Block": 0, "Special": 0}], [{"X": -1, "Y": 0, "Jump": 1, "Jab": 0, "Strong": 0, "Fierce": 0, "Short": 0, "Forward": 0, "Roundhouse": 0, "Block": 0, "Special": 0}, {"X": 0, "Y": 0, "Jump": 0, "Jab": 0, "Strong": 0, "Fierce": 0, "Short": 0, "Forward": 0, "Roundhouse": 0, "Block": 0, "Special": 0}], [{"X": -1, "Y": 0, "Jump": 1, "Jab": 0, "Strong": 0, "Fierce": 0, "Short": 0, "Forward": 0, "Roundhouse": 0, "Block": 0, "Special": 0}, {"X": 0, "Y": 0, "Jump": 0, "Jab": 0, "Strong": 0, "Fierce": 0, "Short": 0, "Forward": 0, "Roundhouse": 0, "Block": 0, "Special": 0}], [{"X": -1, "Y": 0, "Jump": 1, "Jab": 0, "Strong": 0, "Fierce": 0, "Short": 0, "Forward": 0, "Roundhouse": 0, "Block": 0, "Special": 0}, {"X": 0, "Y": 0, "Jump": 0, "Jab": 0, "Strong": 0, "Fierce": 0, "Short": 0, "Forward": 0, "Roundhouse": 0, "Block": 0, "Special": 0}], [{"X": -1, "Y": 0, "Jump": 1, "Jab": 0, "Strong": 0, "Fierce": 0, "Short": 0, "Forward": 0, "Roundhouse": 1, "Block": 0, "Special": 0}, {"X": 0, "Y": 0, "Jump": 0, "Jab": 0, "Strong": 0, "Fierce": 0, "Short": 0, "Forward": 0, "Roundhouse": 0, "Block": 0, "Special": 0}], [{"X": -1, "Y": 0, "Jump": 1, "Jab": 0, "Strong": 0, "Fierce": 0, "Short": 0, "Forward": 0, "Roundhouse": 1, "Block": 0, "Special": 0}, {"X": 0, "Y": 0, "Jump": 0, "Jab": 0, "Strong": 0, "Fierce": 0, "Short": 0, "Forward": 0, "Roundhouse": 0, "Block": 0, "Special": 0}], [{"X": -1, "Y": 0, "Jump": 1, "Jab": 0, "Strong": 0, "Fierce": 0, "Short": 0, "Forward": 0, "Roundhouse": 1, "Block": 0, "Special": 0}, {"X": 0, "Y": 0, "Jump": 0, "Jab": 0, "Strong": 0, "Fierce": 0, "Short": 0, "Forward": 0, "Roundhouse": 0, "Block": 0, "Special": 0}], [{"X": -1, "Y": 0, "Jump": 1, "Jab": 0, "Strong": 0, "Fierce": 0, "Short": 0, "Forward": 0, "Roundhouse": 1, "Block": 0, "Special": 0}, {"X": 0, "Y": 0, "Jump": 0, "Jab": 0, "Strong": 0, "Fierce": 0, "Short": 0, "Forward": 0, "Roundhouse": 0, "Block": 0, "Special": 0}], [{"X": -1, "Y": 0, "Jump": 1, "Jab": 0, "Strong": 0, "Fierce": 0, "Short": 0, "Forward": 0, "Roundhouse": 1, "Block": 0, "Special": 0}, {"X": 0, "Y": 0, "Jump": 0, "Jab": 0, "Strong": 0, "Fierce": 0, "Short": 0, "Forward": 0, "Roundhouse": 0, "Block": 0, "Special": 0}], [{"X": -1, "Y": 0, "Jump": 1, "Jab": 0, "Strong": 0, "Fierce": 0, "Short": 0, "Forward": 0, "Roundhouse": 1, "Block": 0, "Special": 0}, {"X": 0, "Y": 0, "Jump": 0, "Jab": 0, "Strong": 0, "Fierce": 0, "Short": 0, "Forward": 0, "Roundhouse": 0, "Block": 0, "Special": 0}], [{"X": -1, "Y": 0, "Jump": 1, "Jab": 0, "Strong": 0, "Fierce": 0, "Short": 0, "Forward": 0, "Roundhouse": 1, "Block": 0, "Special": 0}, {"X": 0, "Y": 0, "Jump": 0, "Jab": 0, "Strong": 0, "Fierce": 0, "Short": 0, "Forward": 0, "Roundhouse": 0, "Block": 0, "Special": 0}], [{"X": -1, "Y": 0, "Jump": 1, "Jab": 0, "Strong": 0, "Fierce": 0, "Short": 0, "Forward": 0, "Roundhouse": 1, "Block": 0, "Special": 0}, {"X": 0, "Y": 0, "Jump": 0, "Jab": 0, "Strong": 0, "Fierce": 0, "Short": 0, "Forward": 0, "Roundhouse": 0, "Block": 0, "Special": 0}], [{"X": -1, "Y": 0, "Jump": 1, "Jab": 0, "Strong": 0, "Fierce": 0, "Short": 0, "Forward": 0, "Roundhouse": 1, "Block": 0, "Special": 0}, {"X": 0, "Y": 0, "Jump": 0, "Jab": 0, "Strong": 0, "Fierce": 0, "Short": 0, "Forward": 0, "Roundhouse": 0, "Block": 0, "Special": 0}], [{"X": -1, "Y": 0, "Jump": 1, "Jab": 0, "Strong": 0, "Fierce": 0, "Short": 0, "Forward": 0, "Roundhouse": 1, "Block": 0, "Special": 0}, {"X": 0, "Y": 0, "Jump": 0, "Jab": 0, "Strong": 0, "Fierce": 0, "Short": 0, "Forward": 0, "Roundhouse": 0, "Block": 0, "Special": 0}], [{"X": -1, "Y": 0, "Jump": 1, "Jab": 0, "Strong": 0, "Fierce": 0, "Short": 0, "Forward": 0, "Roundhouse": 1, "Block": 0, "Special": 0}, {"X": 0, "Y": 0, "Jump": 0, "Jab": 0, "Strong": 0, "Fierce": 0, "Short": 0, "Forward": 0, "Roundhouse": 0, "Block": 0, "Special": 0}], [{"X": -1, "Y": 0, "Jump": 1, "Jab": 0, "Strong": 0, "Fierce": 0, "Short": 0, "Forward": 0, "Roundhouse": 1, "Block": 0, "Special": 0}, {"X": 0, "Y": 0, "Jump": 0, "Jab": 0, "Strong": 0, "Fierce": 0, "Short": 0, "Forward": 0, "Roundhouse": 0, "Block": 0, "Special": 0}], [{"X": -1, "Y": 0, "Jump": 1, "Jab": 0, "Strong": 0, "Fierce": 0, "Short": 0, "Forward": 0, "Roundhouse": 1, "Block": 0, "Special": 0}, {"X": 0, "Y": 0, "Jump": 0, "Jab": 0, "Strong": 0, "Fierce": 0, "Short": 0, "Forward": 0, "Roundhouse": 0, "Block": 0, "Special": 0}], [{"X": -1, "Y": 0, "Jump": 1, "Jab": 0, "Strong": 0, "Fierce": 0, "Short": 0, "Forward": 0, "Roundhouse": 1, "Block": 0, "Special": 0}, {"X": 0, "Y": 0, "Jump": 0, "Jab": 0, "Strong": 0, "Fierce": 0, "Short": 0, "Forward": 0, "Roundhouse": 0, "Block": 0, "Special": 0}], [{"X": -1, "Y": 0, "Jump": 1, "Jab": 0, "Strong": 0, "Fierce": 0, "Short": 0, "Forward": 0, "Roundhouse": 0, "Block": 0, "Special": 0}, {"X": 0, "Y": 0, "Jump": 0, "Jab": 0, "Strong": 0, "Fierce": 0, "Short": 0, "Forward": 0, "Roundhouse": 0, "Block": 0, "Special": 0}], [{"X": -1, "Y": 0, "Jump": 1, "Jab": 0, "Strong": 0, "Fierce": 0, "Short": 0, "Forward": 0, "Roundhouse": 1, "Block": 0, "Special": 0}, {"X": 0, "Y": 0, "Jump": 0, "Jab": 0, "Strong": 0, "Fierce": 0, "Short": 0, "Forward": 0, "Roundhouse": 0, "Block": 0, "Special": 0}], [{"X": -1, "Y": 0, "Jump": 1, "Jab": 0, "Strong": 0, "Fierce": 0, "Short": 0, "Forward": 0, "Roundhouse": 1, "Block": 0, "Special": 0}, {"X": 0, "Y": 0, "Jump": 0, "Jab": 0, "Strong": 0, "Fierce": 0, "Short": 0, "Forward": 0, "Roundhouse": 0, "Block": 0, "Special": 0}], [{"X": -1, "Y": 0, "Jump": 1, "Jab": 0, "Strong": 0, "Fierce": 0, "Short": 0, "Forward": 0, "Roundhouse": 1, "Block": 0, "Special": 0}, {"X": 0, "Y": 0, "Jump": 0, "Jab": 0, "Strong": 0, "Fierce": 0, "Short": 0, "Forward": 0, "Roundhouse": 0, "Block": 0, "Special": 0}], [{"X": -1, "Y": 0, "Jump": 0, "Jab": 0, "Strong": 0, "Fierce": 0, "Short": 0, "Forward": 0, "Roundhouse": 1, "Block": 0, "Special": 0}, {"X": 0, "Y": 0, "Jump": 0, "Jab": 0, "Strong": 0, "Fierce": 0, "Short": 0, "Forward": 0, "Roundhouse": 0, "Block": 0, "Special": 0}], [{"X": 0, "Y": 0, "Jump": 0, "Jab": 0, "Strong": 0, "Fierce": 0, "Short": 0, "Forward": 0, "Roundhouse": 0, "Block": 0, "Special": 0}, {"X": 0, "Y": 0, "Jump": 0, "Jab": 0, "Strong": 0, "Fierce": 0, "Short": 0, "Forward": 0, "Roundhouse": 0, "Block": 0, "Special": 0}], [{"X": 0, "Y": 0, "Jump": 0, "Jab": 0, "Strong": 0, "Fierce": 0, "Short": 0, "Forward": 0, "Roundhouse": 0, "Block": 0, "Special": 0}, {"X": 0, "Y": 0, "Jump": 0, "Jab": 0, "Strong": 0, "Fierce": 0, "Short": 0, "Forward": 0, "Roundhouse": 0, "Block": 0, "Special": 0}], [{"X": 1, "Y": 0, "Jump": 0, "Jab": 0, "Strong": 0, "Fierce": 0, "Short": 0, "Forward": 0, "Roundhouse": 0, "Block": 0, "Special": 0}, {"X": 0, "Y": 0, "Jump": 0, "Jab": 0, "Strong": 0, "Fierce": 0, "Short": 0, "Forward": 0, "Roundhouse": 0, "Block": 0, "Special": 0}], [{"X": 1, "Y": 0, "Jump": 0, "Jab": 0, "Strong": 0, "Fierce": 0, "Short": 0, "Forward": 0, "Roundhouse": 0, "Block": 0, "Special": 0}, {"X": 0, "Y": 0, "Jump": 0, "Jab": 0, "Strong": 0, "Fierce": 0, "Short": 0, "Forward": 0, "Roundhouse": 0, "Block": 0, "Special": 0}], [{"X": 1, "Y": 0, "Jump": 0, "Jab": 0, "Strong": 0, "Fierce": 0, "Short": 0, "Forward": 0, "Roundhouse": 0, "Block": 0, "Special": 0}, {"X": 0, "Y": 0, "Jump": 0, "Jab": 0, "Strong": 0, "Fierce": 0, "Short": 0, "Forward": 0, "Roundhouse": 0, "Block": 0, "Special": 0}], [{"X": 1, "Y": 0, "Jump": 0, "Jab": 0, "Strong": 0, "Fierce": 0, "Short": 0, "Forward": 0, "Roundhouse": 0, "Block": 0, "Special": 0}, {"X": 0, "Y": 0, "Jump": 0, "Jab": 0, "Strong": 0, "Fierce": 0, "Short": 0, "Forward": 0, "Roundhouse": 0, "Block": 0, "Special": 0}], [{"X": 1, "Y": 0, "Jump": 0, "Jab": 0, "Strong": 0, "Fierce": 0, "Short": 0, "Forward": 0, "Roundhouse": 0, "Block": 0, "Special": 0}, {"X": 0, "Y": 0, "Jump": 0, "Jab": 0, "Strong": 0, "Fierce": 0, "Short": 0, "Forward": 0, "Roundhouse": 0, "Block": 0, "Special": 0}], [{"X": 1, "Y": 0, "Jump": 1, "Jab": 0, "Strong": 0, "Fierce": 0, "Short": 0, "Forward": 0, "Roundhouse": 0, "Block": 0, "Special": 0}, {"X": 0, "Y": 0, "Jump": 0, "Jab": 0, "Strong": 0, "Fierce": 0, "Short": 0, "Forward": 0, "Roundhouse": 0, "Block": 0, "Special": 0}], [{"X": 1, "Y": 0, "Jump": 1, "Jab": 0, "Strong": 0, "Fierce": 0, "Short": 0, "Forward": 0, "Roundhouse": 0, "Block": 0, "Special": 0}, {"X": 0, "Y": 0, "Jump": 0, "Jab": 0, "Strong": 0, "Fierce": 0, "Short": 0, "Forward": 0, "Roundhouse": 0, "Block": 0, "Special": 0}], [{"X": 1, "Y": 0, "Jump": 1, "Jab": 0, "Strong": 0, "Fierce": 0, "Short": 0, "Forward": 0, "Roundhouse": 0, "Block": 0, "Special": 0}, {"X": 0, "Y": 0, "Jump": 0, "Jab": 0, "Strong": 0, "Fierce": 0, "Short": 0, "Forward": 0, "Roundhouse": 0, "Block": 0, "Special": 0}], [{"X": 1, "Y": 0, "Jump": 1, "Jab": 0, "Strong": 0, "Fierce": 0, "Short": 0, "Forward": 0, "Roundhouse": 0, "Block": 0, "Special": 0}, {"X": 0, "Y": 0, "Jump": 0, "Jab": 0, "Strong": 0, "Fierce": 0, "Short": 0, "Forward": 0, "Roundhouse": 0, "Block": 0, "Special": 0}], [{"X": 1, "Y": 0, "Jump": 1, "Jab": 0, "Strong": 0, "Fierce": 0, "Short": 0, "Forward": 0, "Roundhouse": 0, "Block": 0, "Special": 0}, {"X": 0, "Y": 0, "Jump": 0, "Jab": 0, "Strong": 0, "Fierce": 0, "Short": 0, "Forward": 0, "Roundhouse": 0, "Block": 0, "Special": 0}], [{"X": 1, "Y": 0, "Jump": 1, "Jab": 0, "Strong": 0, "Fierce": 0, "Short": 0, "Forward": 0, "Roundhouse": 0, "Block": 0, "Special": 0}, {"X": 0, "Y": 0, "Jump": 0, "Jab": 0, "Strong": 0, "Fierce": 0, "Short": 0, "Forward": 0, "Roundhouse": 0, "Block": 0, "Special": 0}], [{"X": 1, "Y": 0, "Jump": 1, "Jab": 0, "Strong": 0, "Fierce": 0, "Short": 0, "Forward": 0, "Roundhouse": 0, "Block": 0, "Special": 0}, {"X": 0, "Y": 0, "Jump": 0, "Jab": 0, "Strong": 0, "Fierce": 0, "Short": 0, "Forward": 0, "Roundhouse": 0, "Block": 0, "Special": 0}], [{"X": 1, "Y": 0, "Jump": 1, "Jab": 0, "Strong": 0, "Fierce": 0, "Short": 0, "Forward": 0, "Roundhouse": 0, "Block": 0, "Special": 0}, {"X": 0, "Y": 0, "Jump": 0, "Jab": 0, "Strong": 0, "Fierce": 0, "Short": 0, "Forward": 0, "Roundhouse": 0, "Block": 0, "Special": 0}], [{"X": 1, "Y": 0, "Jump": 1, "Jab": 0, "Strong": 0, "Fierce": 0, "Short": 0, "Forward": 0, "Roundhouse": 0, "Block": 0, "Special": 0}, {"X": 0, "Y": 0, "Jump": 0, "Jab": 0, "Strong": 0, "Fierce": 0, "Short": 0, "Forward": 0, "Roundhouse": 0, "Block": 0, "Special": 0}], [{"X": 1, "Y": 0, "Jump": 1, "Jab": 0, "Strong": 0, "Fierce": 0, "Short": 0, "Forward": 0, "Roundhouse": 0, "Block": 0, "Special": 0}, {"X": 0, "Y": 0, "Jump": 0, "Jab": 0, "Strong": 0, "Fierce": 0, "Short": 0, "Forward": 0, "Roundhouse": 0, "Block": 0, "Special": 0}], [{"X": 1, "Y": 0, "Jump": 1, "Jab": 0, "Strong": 0, "Fierce": 0, "Short": 0, "Forward": 0, "Roundhouse": 0, "Block": 0, "Special": 0}, {"X": 0, "Y": 0, "Jump": 0, "Jab": 0, "Strong": 0, "Fierce": 0, "Short": 0, "Forward": 0, "Roundhouse": 0, "Block": 0, "Special": 0}], [{"X": 1, "Y": 0, "Jump": 0, "Jab": 0, "Strong": 0, "Fierce": 0, "Short": 0, "Forward": 0, "Roundhouse": 0, "Block": 0, "Special": 0}, {"X": 0, "Y": 0, "Jump": 0, "Jab": 0, "Strong": 0, "Fierce": 0, "Short": 0, "Forward": 0, "Roundhouse": 0, "Block": 0, "Special": 0}], [{"X": 1, "Y": 0, "Jump": 0, "Jab": 0, "Strong": 0, "Fierce": 0, "Short": 0, "Forward": 0, "Roundhouse": 0, "Block": 0, "Special": 0}, {"X": 0, "Y": 0, "Jump": 0, "Jab": 0, "Strong": 0, "Fierce": 0, "Short": 0, "Forward": 0, "Roundhouse": 0, "Block": 0, "Special": 0}], [{"X": 1, "Y": 0, "Jump": 0, "Jab": 0, "Strong": 0, "Fierce": 0, "Short": 0, "Forward": 0, "Roundhouse": 0, "Block": 0, "Special": 0}, {"X": 0, "Y": 0, "Jump": 0, "Jab": 0, "Strong": 0, "Fierce": 0, "Short": 0, "Forward": 0, "Roundhouse": 0, "Block": 0, "Special": 0}], [{"X": 1, "Y": 0, "Jump": 0, "Jab": 0, "Strong": 0, "Fierce": 0, "Short": 0, "Forward": 0, "Roundhouse": 0, "Block": 0, "Special": 0}, {"X": 0, "Y": 0, "Jump": 0, "Jab": 0, "Strong": 0, "Fierce": 0, "Short": 0, "Forward": 0, "Roundhouse": 0, "Block": 0, "Special": 0}], [{"X": 1, "Y": 0, "Jump": 0, "Jab": 0, "Strong": 0, "Fierce": 0, "Short": 0, "Forward": 0, "Roundhouse": 0, "Block": 0, "Special": 0}, {"X": 0, "Y": 0, "Jump": 0, "Jab": 0, "Strong": 0, "Fierce": 0, "Short": 0, "Forward": 0, "Roundhouse": 0, "Block": 0, "Special": 0}], [{"X": 1, "Y": 0, "Jump": 0, "Jab": 0, "Strong": 0, "Fierce": 0, "Short": 0, "Forward": 0, "Roundhouse": 0, "Block": 0, "Special": 0}, {"X": 0, "Y": 0, "Jump": 0, "Jab": 0, "Strong": 0, "Fierce": 0, "Short": 0, "Forward": 0, "Roundhouse": 0, "Block": 0, "Special": 0}], [{"X": 1, "Y": 0, "Jump": 0, "Jab": 0, "Strong": 0, "Fierce": 0, "Short": 0, "Forward": 0, "Roundhouse": 1, "Block": 0, "Special": 0}, {"X": 0, "Y": 0, "Jump": 0, "Jab": 0, "Strong": 0, "Fierce": 0, "Short": 0, "Forward": 0, "Roundhouse": 0, "Block": 0, "Special": 0}], [{"X": 1, "Y": 0, "Jump": 0, "Jab": 0, "Strong": 0, "Fierce": 0, "Short": 0, "Forward": 0, "Roundhouse": 1, "Block": 0, "Special": 0}, {"X": 0, "Y": 0, "Jump": 0, "Jab": 0, "Strong": 0, "Fierce": 0, "Short": 0, "Forward": 0, "Roundhouse": 0, "Block": 0, "Special": 0}], [{"X": 1, "Y": 0, "Jump": 0, "Jab": 0, "Strong": 0, "Fierce": 0, "Short": 0, "Forward": 0, "Roundhouse": 1, "Block": 0, "Special": 0}, {"X": 0, "Y": 0, "Jump": 0, "Jab": 0, "Strong": 0, "Fierce": 0, "Short": 0, "Forward": 0, "Roundhouse": 0, "Block": 0, "Special": 0}], [{"X": 1, "Y": 0, "Jump": 0, "Jab": 0, "Strong": 0, "Fierce": 0, "Short": 0, "Forward": 0, "Roundhouse": 1, "Block": 0, "Special": 0}, {"X": 0, "Y": 0, "Jump": 0, "Jab": 0, "Strong": 0, "Fierce": 0, "Short": 0, "Forward": 0, "Roundhouse": 0, "Block": 0, "Special": 0}], [{"X": 1, "Y": 0, "Jump": 1, "Jab": 0, "Strong": 0, "Fierce": 0, "Short": 0, "Forward": 0, "Roundhouse": 0, "Block": 0, "Special": 0}, {"X": 0, "Y": 0, "Jump": 0, "Jab": 0, "Strong": 0, "Fierce": 0, "Short": 0, "Forward": 0, "Roundhouse": 0, "Block": 0, "Special": 0}], [{"X": 1, "Y": 0, "Jump": 1, "Jab": 0, "Strong": 0, "Fierce": 0, "Short": 0, "Forward": 0, "Roundhouse": 0, "Block": 0, "Special": 0}, {"X": 0, "Y": 0, "Jump": 0, "Jab": 0, "Strong": 0, "Fierce": 0, "Short": 0, "Forward": 0, "Roundhouse": 0, "Block": 0, "Special": 0}], [{"X": 1, "Y": 0, "Jump": 1, "Jab": 0, "Strong": 0, "Fierce": 0, "Short": 0, "Forward": 0, "Roundhouse": 0, "Block": 0, "Special": 0}, {"X": 0, "Y": 0, "Jump": 0, "Jab": 0, "Strong": 0, "Fierce": 0, "Short": 0, "Forward": 0, "Roundhouse": 0, "Block": 0, "Special": 0}], [{"X": 1, "Y": 0, "Jump": 1, "Jab": 0, "Strong": 0, "Fierce": 0, "Short": 0, "Forward": 0, "Roundhouse": 0, "Block": 0, "Special": 0}, {"X": 0, "Y": 0, "Jump": 0, "Jab": 0, "Strong": 0, "Fierce": 0, "Short": 0, "Forward": 0, "Roundhouse": 0, "Block": 0, "Special": 0}], [{"X": 1, "Y": 0, "Jump": 1, "Jab": 0, "Strong": 0, "Fierce": 0, "Short": 0, "Forward": 0, "Roundhouse": 0, "Block": 0, "Special": 0}, {"X": 0, "Y": 0, "Jump": 0, "Jab": 0, "Strong": 0, "Fierce": 0, "Short": 0, "Forward": 0, "Roundhouse": 0, "Block": 0, "Special": 0}], [{"X": 1, "Y": 0, "Jump": 1, "Jab": 0, "Strong": 0, "Fierce": 0, "Short": 0, "Forward": 0, "Roundhouse": 1, "Block": 0, "Special": 0}, {"X": 0, "Y": 0, "Jump": 0, "Jab": 0, "Strong": 0, "Fierce": 0, "Short": 0, "Forward": 0, "Roundhouse": 0, "Block": 0, "Special": 0}], [{"X": 1, "Y": 0, "Jump": 1, "Jab": 0, "Strong": 0, "Fierce": 0, "Short": 0, "Forward": 0, "Roundhouse": 1, "Block": 0, "Special": 0}, {"X": 0, "Y": 0, "Jump": 0, "Jab": 0, "Strong": 0, "Fierce": 0, "Short": 0, "Forward": 0, "Roundhouse": 0, "Block": 0, "Special": 0}], [{"X": 1, "Y": 0, "Jump": 1, "Jab": 0, "Strong": 0, "Fierce": 0, "Short": 0, "Forward": 0, "Roundhouse": 1, "Block": 0, "Special": 0}, {"X": 0, "Y": 0, "Jump": 0, "Jab": 0, "Strong": 0, "Fierce": 0, "Short": 0, "Forward": 0, "Roundhouse": 0, "Block": 0, "Special": 0}], [{"X": 1, "Y": 0, "Jump": 1, "Jab": 0, "Strong": 0, "Fierce": 0, "Short": 0, "Forward": 0, "Roundhouse": 1, "Block": 0, "Special": 0}, {"X": 0, "Y": 0, "Jump": 0, "Jab": 0, "Strong": 0, "Fierce": 0, "Short": 0, "Forward": 0, "Roundhouse": 0, "Block": 0, "Special": 0}], [{"X": 1, "Y": 0, "Jump": 0, "Jab": 0, "Strong": 0, "Fierce": 0, "Short": 0, "Forward": 0, "Roundhouse": 0, "Block": 0, "Special": 0}, {"X": 0, "Y": 0, "Jump": 0, "Jab": 0, "Strong": 0, "Fierce": 0, "Short": 0, "Forward": 0, "Roundhouse": 0, "Block": 0, "Special": 0}], [{"X": 1, "Y": 0, "Jump": 0, "Jab": 0, "Strong": 0, "Fierce": 0, "Short": 0, "Forward": 0, "Roundhouse": 0, "Block": 0, "Special": 0}, {"X": 0, "Y": 0, "Jump": 0, "Jab": 0, "Strong": 0, "Fierce": 0, "Short": 0, "Forward": 0, "Roundhouse": 0, "Block": 0, "Special": 0}], [{"X": 1, "Y": 0, "Jump": 0, "Jab": 0, "Strong": 0, "Fierce": 0, "Short": 0, "Forward": 0, "Roundhouse": 0, "Block": 0, "Special": 0}, {"X": 0, "Y": 0, "Jump": 0, "Jab": 0, "Strong": 0, "Fierce": 0, "Short": 0, "Forward": 0, "Roundhouse": 0, "Block": 0, "Special": 0}], [{"X": 1, "Y": 0, "Jump": 0, "Jab": 0, "Strong": 0, "Fierce": 0, "Short": 0, "Forward": 0, "Roundhouse": 0, "Block": 0, "Special": 0}, {"X": 0, "Y": 0, "Jump": 0, "Jab": 0, "Strong": 0, "Fierce": 0, "Short": 0, "Forward": 0, "Roundhouse": 0, "Block": 0, "Special": 0}], [{"X": 1, "Y": 0, "Jump": 0, "Jab": 0, "Strong": 0, "Fierce": 0, "Short": 0, "Forward": 0, "Roundhouse": 0, "Block": 0, "Special": 0}, {"X": 0, "Y": 0, "Jump": 0, "Jab": 0, "Strong": 0, "Fierce": 0, "Short": 0, "Forward": 0, "Roundhouse": 0, "Block": 0, "Special": 0}], [{"X": 1, "Y": 0, "Jump": 0, "Jab": 0, "Strong": 0, "Fierce": 0, "Short": 0, "Forward": 0, "Roundhouse": 0, "Block": 0, "Special": 0}, {"X": 0, "Y": 0, "Jump": 0, "Jab": 0, "Strong": 0, "Fierce": 0, "Short": 0, "Forward": 0, "Roundhouse": 0, "Block": 0, "Special": 0}], [{"X": 1, "Y": 0, "Jump": 0, "Jab": 0, "Strong": 0, "Fierce": 0, "Short": 0, "Forward": 0, "Roundhouse": 0, "Block": 0, "Special": 0}, {"X": 0, "Y": 0, "Jump": 0, "Jab": 0, "Strong": 0, "Fierce": 0, "Short": 0, "Forward": 0, "Roundhouse": 0, "Block": 0, "Special": 0}], [{"X": 1, "Y": 0, "Jump": 0, "Jab": 0, "Strong": 0, "Fierce": 0, "Short": 0, "Forward": 0, "Roundhouse": 0, "Block": 0, "Special": 0}, {"X": 0, "Y": 0, "Jump": 0, "Jab": 0, "Strong": 0, "Fierce": 0, "Short": 0, "Forward": 0, "Roundhouse": 0, "Block": 0, "Special": 0}], [{"X": 1, "Y": 0, "Jump": 1, "Jab": 0, "Strong": 0, "Fierce": 0, "Short": 0, "Forward": 0, "Roundhouse": 0, "Block": 0, "Special": 0}, {"X": 0, "Y": 0, "Jump": 0, "Jab": 0, "Strong": 0, "Fierce": 0, "Short": 0, "Forward": 0, "Roundhouse": 0, "Block": 0, "Special": 0}], [{"X": 1, "Y": 0, "Jump": 1, "Jab": 0, "Strong": 0, "Fierce": 0, "Short": 0, "Forward": 0, "Roundhouse": 0, "Block": 0, "Special": 0}, {"X": 0, "Y": 0, "Jump": 0, "Jab": 0, "Strong": 0, "Fierce": 0, "Short": 0, "Forward": 0, "Roundhouse": 0, "Block": 0, "Special": 0}], [{"X": 1, "Y": 0, "Jump": 1, "Jab": 0, "Strong": 0, "Fierce": 0, "Short": 0, "Forward": 0, "Roundhouse": 0, "Block": 0, "Special": 0}, {"X": 0, "Y": 0, "Jump": 0, "Jab": 0, "Strong": 0, "Fierce": 0, "Short": 0, "Forward": 0, "Roundhouse": 0, "Block": 0, "Special": 0}], [{"X": 1, "Y": 0, "Jump": 1, "Jab": 0, "Strong": 0, "Fierce": 0, "Short": 0, "Forward": 0, "Roundhouse": 0, "Block": 0, "Special": 0}, {"X": 0, "Y": 0, "Jump": 0, "Jab": 0, "Strong": 0, "Fierce": 0, "Short": 0, "Forward": 0, "Roundhouse": 0, "Block": 0, "Special": 0}], [{"X": 1, "Y": 0, "Jump": 1, "Jab": 0, "Strong": 0, "Fierce": 0, "Short": 0, "Forward": 0, "Roundhouse": 0, "Block": 0, "Special": 0}, {"X": 0, "Y": 0, "Jump": 0, "Jab": 0, "Strong": 0, "Fierce": 0, "Short": 0, "Forward": 0, "Roundhouse": 0, "Block": 0, "Special": 0}], [{"X": 1, "Y": 0, "Jump": 1, "Jab": 0, "Strong": 0, "Fierce": 0, "Short": 0, "Forward": 0, "Roundhouse": 0, "Block": 0, "Special": 0}, {"X": 0, "Y": 0, "Jump": 0, "Jab": 0, "Strong": 0, "Fierce": 0, "Short": 0, "Forward": 0, "Roundhouse": 0, "Block": 0, "Special": 0}], [{"X": 1, "Y": 0, "Jump": 1, "Jab": 0, "Strong": 0, "Fierce": 0, "Short": 0, "Forward": 0, "Roundhouse": 0, "Block": 0, "Special": 0}, {"X": 0, "Y": 0, "Jump": 0, "Jab": 0, "Strong": 0, "Fierce": 0, "Short": 0, "Forward": 0, "Roundhouse": 0, "Block": 0, "Special": 0}], [{"X": 1, "Y": 0, "Jump": 1, "Jab": 0, "Strong": 0, "Fierce": 0, "Short": 0, "Forward": 0, "Roundhouse": 0, "Block": 0, "Special": 0}, {"X": 0, "Y": 0, "Jump": 0, "Jab": 0, "Strong": 0, "Fierce": 0, "Short": 0, "Forward": 0, "Roundhouse": 0, "Block": 0, "Special": 0}], [{"X": 1, "Y": 0, "Jump": 1, "Jab": 0, "Strong": 0, "Fierce": 0, "Short": 0, "Forward": 0, "Roundhouse": 0, "Block": 0, "Special": 0}, {"X": 0, "Y": 0, "Jump": 0, "Jab": 0, "Strong": 0, "Fierce": 0, "Short": 0, "Forward": 0, "Roundhouse": 0, "Block": 0, "Special": 0}], [{"X": 1, "Y": 0, "Jump": 1, "Jab": 0, "Strong": 0, "Fierce": 0, "Short": 0, "Forward": 0, "Roundhouse": 0, "Block": 0, "Special": 0}, {"X": 0, "Y": 0, "Jump": 0, "Jab": 0, "Strong": 0, "Fierce": 0, "Short": 0, "Forward": 0, "Roundhouse": 0, "Block": 0, "Special": 0}], [{"X": 1, "Y": 0, "Jump": 1, "Jab": 0, "Strong": 0, "Fierce": 0, "Short": 0, "Forward": 0, "Roundhouse": 0, "Block": 0, "Special": 0}, {"X": 0, "Y": 0, "Jump": 0, "Jab": 0, "Strong": 0, "Fierce": 0, "Short": 0, "Forward": 0, "Roundhouse": 0, "Block": 0, "Special": 0}], [{"X": 1, "Y": 0, "Jump": 1, "Jab": 0, "Strong": 0, "Fierce": 0, "Short": 0, "Forward": 0, "Roundhouse": 0, "Block": 0, "Special": 0}, {"X": 0, "Y": 0, "Jump": 0, "Jab": 0, "Strong": 0, "Fierce": 0, "Short": 0, "Forward": 0, "Roundhouse": 0, "Block": 0, "Special": 0}], [{"X": 1, "Y": 0, "Jump": 0, "Jab": 0, "Strong": 0, "Fierce": 0, "Short": 0, "Forward": 0, "Roundhouse": 0, "Block": 0, "Special": 0}, {"X": 0, "Y": 0, "Jump": 0, "Jab": 0, "Strong": 0, "Fierce": 0, "Short": 0, "Forward": 0, "Roundhouse": 0, "Block": 0, "Special": 0}], [{"X": 1, "Y": 0, "Jump": 0, "Jab": 0, "Strong": 0, "Fierce": 0, "Short": 0, "Forward": 0, "Roundhouse": 0, "Block": 0, "Special": 0}, {"X": 0, "Y": 0, "Jump": 0, "Jab": 0, "Strong": 0, "Fierce": 0, "Short": 0, "Forward": 0, "Roundhouse": 0, "Block": 0, "Special": 0}], [{"X": 1, "Y": 0, "Jump": 0, "Jab": 0, "Strong": 0, "Fierce": 0, "Short": 0, "Forward": 0, "Roundhouse": 0, "Block": 0, "Special": 0}, {"X": 0, "Y": 0, "Jump": 0, "Jab": 0, "Strong": 0, "Fierce": 0, "Short": 0, "Forward": 0, "Roundhouse": 0, "Block": 0, "Special": 0}], [{"X": 1, "Y": 0, "Jump": 0, "Jab": 0, "Strong": 0, "Fierce": 0, "Short": 0, "Forward": 0, "Roundhouse": 0, "Block": 0, "Special": 0}, {"X": 0, "Y": 0, "Jump": 0, "Jab": 0, "Strong": 0, "Fierce": 0, "Short": 0, "Forward": 0, "Roundhouse": 0, "Block": 0, "Special": 0}], [{"X": 1, "Y": 0, "Jump": 0, "Jab": 0, "Strong": 0, "Fierce": 0, "Short": 0, "Forward": 0, "Roundhouse": 0, "Block": 0, "Special": 0}, {"X": 0, "Y": 0, "Jump": 0, "Jab": 0, "Strong": 0, "Fierce": 0, "Short": 0, "Forward": 0, "Roundhouse": 0, "Block": 0, "Special": 0}], [{"X": 1, "Y": 0, "Jump": 0, "Jab": 0, "Strong": 0, "Fierce": 0, "Short": 0, "Forward": 0, "Roundhouse": 0, "Block": 0, "Special": 0}, {"X": 0, "Y": 0, "Jump": 0, "Jab": 0, "Strong": 0, "Fierce": 0, "Short": 0, "Forward": 0, "Roundhouse": 0, "Block": 0, "Special": 0}], [{"X": 1, "Y": 0, "Jump": 0, "Jab": 0, "Strong": 0, "Fierce": 0, "Short": 0, "Forward": 0, "Roundhouse": 0, "Block": 0, "Special": 0}, {"X": 0, "Y": 0, "Jump": 0, "Jab": 0, "Strong": 0, "Fierce": 0, "Short": 0, "Forward": 0, "Roundhouse": 0, "Block": 0, "Special": 0}], [{"X": 1, "Y": 0, "Jump": 0, "Jab": 0, "Strong": 0, "Fierce": 0, "Short": 0, "Forward": 0, "Roundhouse": 0, "Block": 0, "Special": 0}, {"X": 0, "Y": 0, "Jump": 0, "Jab": 0, "Strong": 0, "Fierce": 0, "Short": 0, "Forward": 0, "Roundhouse": 0, "Block": 0, "Special": 0}], [{"X": 1, "Y": 0, "Jump": 0, "Jab": 0, "Strong": 0, "Fierce": 0, "Short": 0, "Forward": 0, "Roundhouse": 0, "Block": 0, "Special": 0}, {"X": 0, "Y": 0, "Jump": 0, "Jab": 0, "Strong": 0, "Fierce": 0, "Short": 0, "Forward": 0, "Roundhouse": 0, "Block": 0, "Special": 0}], [{"X": 1, "Y": 0, "Jump": 0, "Jab": 0, "Strong": 0, "Fierce": 0, "Short": 0, "Forward": 0, "Roundhouse": 0, "Block": 0, "Special": 0}, {"X": 0, "Y": 0, "Jump": 0, "Jab": 0, "Strong": 0, "Fierce": 0, "Short": 0, "Forward": 0, "Roundhouse": 0, "Block": 0, "Special": 0}], [{"X": 1, "Y": 0, "Jump": 0, "Jab": 0, "Strong": 0, "Fierce": 0, "Short": 0, "Forward": 0, "Roundhouse": 0, "Block": 0, "Special": 0}, {"X": 0, "Y": 0, "Jump": 0, "Jab": 0, "Strong": 0, "Fierce": 0, "Short": 0, "Forward": 0, "Roundhouse": 0, "Block": 0, "Special": 0}], [{"X": 1, "Y": 0, "Jump": 0, "Jab": 0, "Strong": 0, "Fierce": 0, "Short": 0, "Forward": 0, "Roundhouse": 1, "Block": 0, "Special": 0}, {"X": 0, "Y": 0, "Jump": 0, "Jab": 0, "Strong": 0, "Fierce": 0, "Short": 0, "Forward": 0, "Roundhouse": 0, "Block": 0, "Special": 0}], [{"X": 1, "Y": 0, "Jump": 0, "Jab": 0, "Strong": 0, "Fierce": 0, "Short": 0, "Forward": 0, "Roundhouse": 1, "Block": 0, "Special": 0}, {"X": 0, "Y": 0, "Jump": 0, "Jab": 0, "Strong": 0, "Fierce": 0, "Short": 0, "Forward": 0, "Roundhouse": 0, "Block": 0, "Special": 0}], [{"X": 1, "Y": 0, "Jump": 0, "Jab": 0, "Strong": 0, "Fierce": 0, "Short": 0, "Forward": 0, "Roundhouse": 1, "Block": 0, "Special": 0}, {"X": 0, "Y": 0, "Jump": 0, "Jab": 0, "Strong": 0, "Fierce": 0, "Short": 0, "Forward": 0, "Roundhouse": 0, "Block": 0, "Special": 0}], [{"X": 1, "Y": 0, "Jump": 0, "Jab": 0, "Strong": 0, "Fierce": 0, "Short": 0, "Forward": 0, "Roundhouse": 1, "Block": 0, "Special": 0}, {"X": 0, "Y": 0, "Jump": 0, "Jab": 0, "Strong": 0, "Fierce": 0, "Short": 0, "Forward": 0, "Roundhouse": 0, "Block": 0, "Special": 0}], [{"X": -1, "Y": 0, "Jump": 1, "Jab": 0, "Strong": 0, "Fierce": 0, "Short": 0, "Forward": 0, "Roundhouse": 1, "Block": 0, "Special": 0}, {"X": 0, "Y": 0, "Jump": 0, "Jab": 0, "Strong": 0, "Fierce": 0, "Short": 0, "Forward": 0, "Roundhouse": 0, "Block": 0, "Special": 0}], [{"X": -1, "Y": 0, "Jump": 1, "Jab": 0, "Strong": 0, "Fierce": 0, "Short": 0, "Forward": 0, "Roundhouse": 1, "Block": 0, "Special": 0}, {"X": 0, "Y": 0, "Jump": 0, "Jab": 0, "Strong": 0, "Fierce": 0, "Short": 0, "Forward": 0, "Roundhouse": 0, "Block": 0, "Special": 0}], [{"X": -1, "Y": 0, "Jump": 1, "Jab": 0, "Strong": 0, "Fierce": 0, "Short": 0, "Forward": 0, "Roundhouse": 1, "Block": 0, "Special": 0}, {"X": 0, "Y": 0, "Jump": 0, "Jab": 0, "Strong": 0, "Fierce": 0, "Short": 0, "Forward": 0, "Roundhouse": 0, "Block": 0, "Special": 0}], [{"X": -1, "Y": 0, "Jump": 1, "Jab": 0, "Strong": 0, "Fierce": 0, "Short": 0, "Forward": 0, "Roundhouse": 0, "Block": 0, "Special": 0}, {"X": 0, "Y": 0, "Jump": 0, "Jab": 0, "Strong": 0, "Fierce": 0, "Short": 0, "Forward": 0, "Roundhouse": 0, "Block": 0, "Special": 0}], [{"X": 1, "Y": 0, "Jump": 1, "Jab": 0, "Strong": 0, "Fierce": 0, "Short": 0, "Forward": 0, "Roundhouse": 0, "Block": 0, "Special": 0}, {"X": 0, "Y": 0, "Jump": 0, "Jab": 0, "Strong": 0, "Fierce": 0, "Short": 0, "Forward": 0, "Roundhouse": 0, "Block": 0, "Special": 0}], [{"X": 1, "Y": 0, "Jump": 1, "Jab": 0, "Strong": 0, "Fierce": 0, "Short": 0, "Forward": 0, "Roundhouse": 1, "Block": 0, "Special": 0}, {"X": 0, "Y": 0, "Jump": 0, "Jab": 0, "Strong": 0, "Fierce": 0, "Short": 0, "Forward": 0, "Roundhouse": 0, "Block": 0, "Special": 0}], [{"X": 1, "Y": 0, "Jump": 1, "Jab": 0, "Strong": 0, "Fierce": 0, "Short": 0, "Forward": 0, "Roundhouse": 1, "Block": 0, "Special": 0}, {"X": 0, "Y": 0, "Jump": 0, "Jab": 0, "Strong": 0, "Fierce": 0, "Short": 0, "Forward": 0, "Roundhouse": 0, "Block": 0, "Special": 0}], [{"X": 1, "Y": 0, "Jump": 1, "Jab": 0, "Strong": 0, "Fierce": 0, "Short": 0, "Forward": 0, "Roundhouse": 1, "Block": 0, "Special": 0}, {"X": 0, "Y": 0, "Jump": 0, "Jab": 0, "Strong": 0, "Fierce": 0, "Short": 0, "Forward": 0, "Roundhouse": 0, "Block": 0, "Special": 0}], [{"X": 1, "Y": 0, "Jump": 1, "Jab": 0, "Strong": 0, "Fierce": 0, "Short": 0, "Forward": 0, "Roundhouse": 0, "Block": 0, "Special": 0}, {"X": 0, "Y": 0, "Jump": 0, "Jab": 0, "Strong": 0, "Fierce": 0, "Short": 0, "Forward": 0, "Roundhouse": 0, "Block": 0, "Special": 0}], [{"X": 1, "Y": 0, "Jump": 1, "Jab": 0, "Strong": 0, "Fierce": 0, "Short": 0, "Forward": 0, "Roundhouse": 0, "Block": 0, "Special": 0}, {"X": 0, "Y": 0, "Jump": 0, "Jab": 0, "Strong": 0, "Fierce": 0, "Short": 0, "Forward": 0, "Roundhouse": 0, "Block": 0, "Special": 0}], [{"X": 1, "Y": 0, "Jump": 1, "Jab": 0, "Strong": 0, "Fierce": 0, "Short": 0, "Forward": 0, "Roundhouse": 1, "Block": 0, "Special": 0}, {"X": 0, "Y": 0, "Jump": 0, "Jab": 0, "Strong": 0, "Fierce": 0, "Short": 0, "Forward": 0, "Roundhouse": 0, "Block": 0, "Special": 0}], [{"X": 1, "Y": 0, "Jump": 1, "Jab": 0, "Strong": 0, "Fierce": 0, "Short": 0, "Forward": 0, "Roundhouse": 1, "Block": 0, "Special": 0}, {"X": 0, "Y": 0, "Jump": 0, "Jab": 0, "Strong": 0, "Fierce": 0, "Short": 0, "Forward": 0, "Roundhouse": 0, "Block": 0, "Special": 0}], [{"X": 1, "Y": 0, "Jump": 1, "Jab": 0, "Strong": 0, "Fierce": 0, "Short": 0, "Forward": 0, "Roundhouse": 1, "Block": 0, "Special": 0}, {"X": 0, "Y": 0, "Jump": 0, "Jab": 0, "Strong": 0, "Fierce": 0, "Short": 0, "Forward": 0, "Roundhouse": 0, "Block": 0, "Special": 0}], [{"X": 1, "Y": 0, "Jump": 1, "Jab": 0, "Strong": 0, "Fierce": 0, "Short": 0, "Forward": 0, "Roundhouse": 0, "Block": 0, "Special": 0}, {"X": 0, "Y": 0, "Jump": 0, "Jab": 0, "Strong": 0, "Fierce": 0, "Short": 0, "Forward": 0, "Roundhouse": 0, "Block": 0, "Special": 0}], [{"X": 1, "Y": 0, "Jump": 1, "Jab": 0, "Strong": 0, "Fierce": 0, "Short": 0, "Forward": 0, "Roundhouse": 0, "Block": 0, "Special": 0}, {"X": 0, "Y": 0, "Jump": 0, "Jab": 0, "Strong": 0, "Fierce": 0, "Short": 0, "Forward": 0, "Roundhouse": 0, "Block": 0, "Special": 0}], [{"X": 1, "Y": 0, "Jump": 1, "Jab": 0, "Strong": 0, "Fierce": 0, "Short": 0, "Forward": 0, "Roundhouse": 0, "Block": 0, "Special": 0}, {"X": 0, "Y": 0, "Jump": 0, "Jab": 0, "Strong": 0, "Fierce": 0, "Short": 0, "Forward": 0, "Roundhouse": 0, "Block": 0, "Special": 0}], [{"X": 1, "Y": 0, "Jump": 1, "Jab": 0, "Strong": 0, "Fierce": 0, "Short": 0, "Forward": 0, "Roundhouse": 0, "Block": 0, "Special": 0}, {"X": 0, "Y": 0, "Jump": 0, "Jab": 0, "Strong": 0, "Fierce": 0, "Short": 0, "Forward": 0, "Roundhouse": 0, "Block": 0, "Special": 0}], [{"X": 1, "Y": 0, "Jump": 0, "Jab": 0, "Strong": 0, "Fierce": 0, "Short": 0, "Forward": 0, "Roundhouse": 0, "Block": 0, "Special": 0}, {"X": 0, "Y": 0, "Jump": 0, "Jab": 0, "Strong": 0, "Fierce": 0, "Short": 0, "Forward": 0, "Roundhouse": 0, "Block": 0, "Special": 0}], [{"X": 1, "Y": 0, "Jump": 0, "Jab": 0, "Strong": 0, "Fierce": 0, "Short": 0, "Forward": 0, "Roundhouse": 0, "Block": 0, "Special": 0}, {"X": 0, "Y": 0, "Jump": 0, "Jab": 0, "Strong": 0, "Fierce": 0, "Short": 0, "Forward": 0, "Roundhouse": 0, "Block": 0, "Special": 0}], [{"X": 1, "Y": 0, "Jump": 0, "Jab": 0, "Strong": 0, "Fierce": 0, "Short": 0, "Forward": 0, "Roundhouse": 0, "Block": 0, "Special": 0}, {"X": 0, "Y": 0, "Jump": 0, "Jab": 0, "Strong": 0, "Fierce": 0, "Short": 0, "Forward": 0, "Roundhouse": 0, "Block": 0, "Special": 0}], [{"X": 1, "Y": 0, "Jump": 0, "Jab": 0, "Strong": 0, "Fierce": 0, "Short": 0, "Forward": 0, "Roundhouse": 0, "Block": 0, "Special": 0}, {"X": 0, "Y": 0, "Jump": 0, "Jab": 0, "Strong": 0, "Fierce": 0, "Short": 0, "Forward": 0, "Roundhouse": 0, "Block": 0, "Special": 0}], [{"X": 1, "Y": 0, "Jump": 0, "Jab": 0, "Strong": 0, "Fierce": 0, "Short": 0, "Forward": 0, "Roundhouse": 0, "Block": 0, "Special": 0}, {"X": 0, "Y": 0, "Jump": 0, "Jab": 0, "Strong": 0, "Fierce": 0, "Short": 0, "Forward": 0, "Roundhouse": 0, "Block": 0, "Special": 0}], [{"X": 1, "Y": 0, "Jump": 0, "Jab": 0, "Strong": 0, "Fierce": 0, "Short": 0, "Forward": 0, "Roundhouse": 0, "Block": 0, "Special": 0}, {"X": 0, "Y": 0, "Jump": 0, "Jab": 0, "Strong": 0, "Fierce": 0, "Short": 0, "Forward": 0, "Roundhouse": 0, "Block": 0, "Special": 0}], [{"X": 1, "Y": 0, "Jump": 0, "Jab": 0, "Strong": 0, "Fierce": 0, "Short": 0, "Forward": 0, "Roundhouse": 0, "Block": 0, "Special": 0}, {"X": 0, "Y": 0, "Jump": 0, "Jab": 0, "Strong": 0, "Fierce": 0, "Short": 0, "Forward": 0, "Roundhouse": 0, "Block": 0, "Special": 0}], [{"X": 1, "Y": 0, "Jump": 0, "Jab": 0, "Strong": 0, "Fierce": 0, "Short": 0, "Forward": 0, "Roundhouse": 0, "Block": 0, "Special": 0}, {"X": 0, "Y": 0, "Jump": 0, "Jab": 0, "Strong": 0, "Fierce": 0, "Short": 0, "Forward": 0, "Roundhouse": 0, "Block": 0, "Special": 0}], [{"X": 1, "Y": 0, "Jump": 0, "Jab": 0, "Strong": 0, "Fierce": 0, "Short": 0, "Forward": 0, "Roundhouse": 0, "Block": 0, "Special": 0}, {"X": 0, "Y": 0, "Jump": 0, "Jab": 0, "Strong": 0, "Fierce": 0, "Short": 0, "Forward": 0, "Roundhouse": 0, "Block": 0, "Special": 0}], [{"X": 1, "Y": 0, "Jump": 0, "Jab": 0, "Strong": 0, "Fierce": 0, "Short": 0, "Forward": 0, "Roundhouse": 0, "Block": 0, "Special": 0}, {"X": 0, "Y": 0, "Jump": 0, "Jab": 0, "Strong": 0, "Fierce": 0, "Short": 0, "Forward": 0, "Roundhouse": 0, "Block": 0, "Special": 0}], [{"X": 1, "Y": 0, "Jump": 0, "Jab": 0, "Strong": 0, "Fierce": 0, "Short": 0, "Forward": 0, "Roundhouse": 0, "Block": 0, "Special": 0}, {"X": 0, "Y": 0, "Jump": 0, "Jab": 0, "Strong": 0, "Fierce": 0, "Short": 0, "Forward": 0, "Roundhouse": 0, "Block": 0, "Special": 0}], [{"X": 1, "Y": 0, "Jump": 0, "Jab": 0, "Strong": 0, "Fierce": 0, "Short": 0, "Forward": 0, "Roundhouse": 0, "Block": 0, "Special": 0}, {"X": 0, "Y": 0, "Jump": 0, "Jab": 0, "Strong": 0, "Fierce": 0, "Short": 0, "Forward": 0, "Roundhouse": 0, "Block": 0, "Special": 0}], [{"X": 1, "Y": 0, "Jump": 0, "Jab": 0, "Strong": 0, "Fierce": 0, "Short": 0, "Forward": 0, "Roundhouse": 0, "Block": 0, "Special": 0}, {"X": 0, "Y": 0, "Jump": 0, "Jab": 0, "Strong": 0, "Fierce": 0, "Short": 0, "Forward": 0, "Roundhouse": 0, "Block": 0, "Special": 0}], [{"X": 1, "Y": 0, "Jump": 0, "Jab": 0, "Strong": 0, "Fierce": 0, "Short": 0, "Forward": 0, "Roundhouse": 0, "Block": 0, "Special": 0}, {"X": 0, "Y": 0, "Jump": 0, "Jab": 0, "Strong": 0, "Fierce": 0, "Short": 0, "Forward": 0, "Roundhouse": 0, "Block": 0, "Special": 0}], [{"X": 1, "Y": 0, "Jump": 0, "Jab": 0, "Strong": 0, "Fierce": 0, "Short": 0, "Forward": 0, "Roundhouse": 0, "Block": 0, "Special": 0}, {"X": 0, "Y": 0, "Jump": 0, "Jab": 0, "Strong": 0, "Fierce": 0, "Short": 0, "Forward": 0, "Roundhouse": 0, "Block": 0, "Special": 0}], [{"X": 1, "Y": 0, "Jump": 0, "Jab": 0, "Strong": 0, "Fierce": 0, "Short": 0, "Forward": 0, "Roundhouse": 1, "Block": 0, "Special": 0}, {"X": 0, "Y": 0, "Jump": 0, "Jab": 0, "Strong": 0, "Fierce": 0, "Short": 0, "Forward": 0, "Roundhouse": 0, "Block": 0, "Special": 0}], [{"X": 1, "Y": 0, "Jump": 0, "Jab": 0, "Strong": 0, "Fierce": 0, "Short": 0, "Forward": 0, "Roundhouse": 1, "Block": 0, "Special": 0}, {"X": 0, "Y": 0, "Jump": 0, "Jab": 0, "Strong": 0, "Fierce": 0, "Short": 0, "Forward": 0, "Roundhouse": 0, "Block": 0, "Special": 0}], [{"X": 1, "Y": 0, "Jump": 0, "Jab": 0, "Strong": 0, "Fierce": 0, "Short": 0, "Forward": 0, "Roundhouse": 1, "Block": 0, "Special": 0}, {"X": 0, "Y": 0, "Jump": 0, "Jab": 0, "Strong": 0, "Fierce": 0, "Short": 0, "Forward": 0, "Roundhouse": 0, "Block": 0, "Special": 0}], [{"X": 1, "Y": 0, "Jump": 0, "Jab": 0, "Strong": 0, "Fierce": 0, "Short": 0, "Forward": 0, "Roundhouse": 1, "Block": 0, "Special": 0}, {"X": 0, "Y": 0, "Jump": 0, "Jab": 0, "Strong": 0, "Fierce": 0, "Short": 0, "Forward": 0, "Roundhouse": 0, "Block": 0, "Special": 0}], [{"X": 1, "Y": 0, "Jump": 0, "Jab": 0, "Strong": 0, "Fierce": 0, "Short": 0, "Forward": 0, "Roundhouse": 0, "Block": 0, "Special": 0}, {"X": 0, "Y": 0, "Jump": 0, "Jab": 0, "Strong": 0, "Fierce": 0, "Short": 0, "Forward": 0, "Roundhouse": 0, "Block": 0, "Special": 0}], [{"X": 1, "Y": 0, "Jump": 1, "Jab": 0, "Strong": 0, "Fierce": 0, "Short": 0, "Forward": 0, "Roundhouse": 0, "Block": 0, "Special": 0}, {"X": 0, "Y": 0, "Jump": 0, "Jab": 0, "Strong": 0, "Fierce": 0, "Short": 0, "Forward": 0, "Roundhouse": 0, "Block": 0, "Special": 0}], [{"X": 1, "Y": 0, "Jump": 1, "Jab": 0, "Strong": 0, "Fierce": 0, "Short": 0, "Forward": 0, "Roundhouse": 0, "Block": 0, "Special": 0}, {"X": 0, "Y": 0, "Jump": 0, "Jab": 0, "Strong": 0, "Fierce": 0, "Short": 0, "Forward": 0, "Roundhouse": 0, "Block": 0, "Special": 0}], [{"X": 1, "Y": 0, "Jump": 1, "Jab": 0, "Strong": 0, "Fierce": 0, "Short": 0, "Forward": 0, "Roundhouse": 0, "Block": 0, "Special": 0}, {"X": 0, "Y": 0, "Jump": 0, "Jab": 0, "Strong": 0, "Fierce": 0, "Short": 0, "Forward": 0, "Roundhouse": 0, "Block": 0, "Special": 0}], [{"X": 1, "Y": 0, "Jump": 1, "Jab": 0, "Strong": 0, "Fierce": 0, "Short": 0, "Forward": 0, "Roundhouse": 0, "Block": 0, "Special": 0}, {"X": 0, "Y": 0, "Jump": 0, "Jab": 0, "Strong": 0, "Fierce": 0, "Short": 0, "Forward": 0, "Roundhouse": 0, "Block": 0, "Special": 0}], [{"X": 1, "Y": 0, "Jump": 1, "Jab": 0, "Strong": 0, "Fierce": 0, "Short": 0, "Forward": 0, "Roundhouse": 0, "Block": 0, "Special": 0}, {"X": 0, "Y": 0, "Jump": 0, "Jab": 0, "Strong": 0, "Fierce": 0, "Short": 0, "Forward": 0, "Roundhouse": 0, "Block": 0, "Special": 0}], [{"X": 1, "Y": 0, "Jump": 1, "Jab": 0, "Strong": 0, "Fierce": 0, "Short": 0, "Forward": 0, "Roundhouse": 0, "Block": 0, "Special": 0}, {"X": 0, "Y": 0, "Jump": 0, "Jab": 0, "Strong": 0, "Fierce": 0, "Short": 0, "Forward": 0, "Roundhouse": 0, "Block": 0, "Special": 0}], [{"X": 1, "Y": 0, "Jump": 1, "Jab": 0, "Strong": 0, "Fierce": 0, "Short": 0, "Forward": 0, "Roundhouse": 0, "Block": 0, "Special": 0}, {"X": 0, "Y": 0, "Jump": 0, "Jab": 0, "Strong": 0, "Fierce": 0, "Short": 0, "Forward": 0, "Roundhouse": 0, "Block": 0, "Special": 0}], [{"X": 1, "Y": 0, "Jump": 1, "Jab": 0, "Strong": 0, "Fierce": 0, "Short": 0, "Forward": 0, "Roundhouse": 0, "Block": 0, "Special": 0}, {"X": 0, "Y": 0, "Jump": 0, "Jab": 0, "Strong": 0, "Fierce": 0, "Short": 0, "Forward": 0, "Roundhouse": 0, "Block": 0, "Special": 0}], [{"X": 1, "Y": 0, "Jump": 1, "Jab": 0, "Strong": 0, "Fierce": 0, "Short": 0, "Forward": 0, "Roundhouse": 1, "Block": 0, "Special": 0}, {"X": 0, "Y": 0, "Jump": 0, "Jab": 0, "Strong": 0, "Fierce": 0, "Short": 0, "Forward": 0, "Roundhouse": 0, "Block": 0, "Special": 0}], [{"X": 1, "Y": 0, "Jump": 1, "Jab": 0, "Strong": 0, "Fierce": 0, "Short": 0, "Forward": 0, "Roundhouse": 1, "Block": 0, "Special": 0}, {"X": 0, "Y": 0, "Jump": 0, "Jab": 0, "Strong": 0, "Fierce": 0, "Short": 0, "Forward": 0, "Roundhouse": 0, "Block": 0, "Special": 0}], [{"X": 1, "Y": 0, "Jump": 1, "Jab": 0, "Strong": 0, "Fierce": 0, "Short": 0, "Forward": 0, "Roundhouse": 1, "Block": 0, "Special": 0}, {"X": 0, "Y": 0, "Jump": 0, "Jab": 0, "Strong": 0, "Fierce": 0, "Short": 0, "Forward": 0, "Roundhouse": 0, "Block": 0, "Special": 0}], [{"X": 1, "Y": 0, "Jump": 1, "Jab": 0, "Strong": 0, "Fierce": 0, "Short": 0, "Forward": 0, "Roundhouse": 1, "Block": 0, "Special": 0}, {"X": 0, "Y": 0, "Jump": 0, "Jab": 0, "Strong": 0, "Fierce": 0, "Short": 0, "Forward": 0, "Roundhouse": 0, "Block": 0, "Special": 0}], [{"X": 1, "Y": 0, "Jump": 0, "Jab": 0, "Strong": 0, "Fierce": 0, "Short": 0, "Forward": 0, "Roundhouse": 0, "Block": 0, "Special": 0}, {"X": 0, "Y": 0, "Jump": 0, "Jab": 0, "Strong": 0, "Fierce": 0, "Short": 0, "Forward": 0, "Roundhouse": 0, "Block": 0, "Special": 0}], [{"X": 1, "Y": 0, "Jump": 0, "Jab": 0, "Strong": 0, "Fierce": 0, "Short": 0, "Forward": 0, "Roundhouse": 0, "Block": 0, "Special": 0}, {"X": 0, "Y": 0, "Jump": 0, "Jab": 0, "Strong": 0, "Fierce": 0, "Short": 0, "Forward": 0, "Roundhouse": 0, "Block": 0, "Special": 0}], [{"X": 1, "Y": 0, "Jump": 0, "Jab": 0, "Strong": 0, "Fierce": 0, "Short": 0, "Forward": 0, "Roundhouse": 0, "Block": 0, "Special": 0}, {"X": 0, "Y": 0, "Jump": 0, "Jab": 0, "Strong": 0, "Fierce": 0, "Short": 0, "Forward": 0, "Roundhouse": 0, "Block": 0, "Special": 0}], [{"X": 1, "Y": 0, "Jump": 0, "Jab": 0, "Strong": 0, "Fierce": 0, "Short": 0, "Forward": 0, "Roundhouse": 0, "Block": 0, "Special": 0}, {"X": 0, "Y": 0, "Jump": 0, "Jab": 0, "Strong": 0, "Fierce": 0, "Short": 0, "Forward": 0, "Roundhouse": 0, "Block": 0, "Special": 0}], [{"X": 1, "Y": 0, "Jump": 0, "Jab": 0, "Strong": 0, "Fierce": 0, "Short": 0, "Forward": 0, "Roundhouse": 0, "Block": 0, "Special": 0}, {"X": 0, "Y": 0, "Jump": 0, "Jab": 0, "Strong": 0, "Fierce": 0, "Short": 0, "Forward": 0, "Roundhouse": 0, "Block": 0, "Special": 0}], [{"X": 1, "Y": 0, "Jump": 0, "Jab": 0, "Strong": 0, "Fierce": 0, "Short": 0, "Forward": 0, "Roundhouse": 0, "Block": 0, "Special": 0}, {"X": 0, "Y": 0, "Jump": 0, "Jab": 0, "Strong": 0, "Fierce": 0, "Short": 0, "Forward": 0, "Roundhouse": 0, "Block": 0, "Special": 0}], [{"X": 1, "Y": 0, "Jump": 0, "Jab": 0, "Strong": 0, "Fierce": 0, "Short": 0, "Forward": 0, "Roundhouse": 0, "Block": 0, "Special": 0}, {"X": 0, "Y": 0, "Jump": 0, "Jab": 0, "Strong": 0, "Fierce": 0, "Short": 0, "Forward": 0, "Roundhouse": 0, "Block": 0, "Special": 0}], [{"X": 1, "Y": 0, "Jump": 0, "Jab": 0, "Strong": 0, "Fierce": 0, "Short": 0, "Forward": 0, "Roundhouse": 0, "Block": 0, "Special": 0}, {"X": 0, "Y": 0, "Jump": 0, "Jab": 0, "Strong": 0, "Fierce": 0, "Short": 0, "Forward": 0, "Roundhouse": 0, "Block": 0, "Special": 0}], [{"X": 1, "Y": 0, "Jump": 1, "Jab": 0, "Strong": 0, "Fierce": 0, "Short": 0, "Forward": 0, "Roundhouse": 0, "Block": 0, "Special": 0}, {"X": 0, "Y": 0, "Jump": 0, "Jab": 0, "Strong": 0, "Fierce": 0, "Short": 0, "Forward": 0, "Roundhouse": 0, "Block": 0, "Special": 0}], [{"X": 1, "Y": 0, "Jump": 1, "Jab": 0, "Strong": 0, "Fierce": 0, "Short": 0, "Forward": 0, "Roundhouse": 0, "Block": 0, "Special": 0}, {"X": 0, "Y": 0, "Jump": 0, "Jab": 0, "Strong": 0, "Fierce": 0, "Short": 0, "Forward": 0, "Roundhouse": 0, "Block": 0, "Special": 0}], [{"X": 1, "Y": 0, "Jump": 1, "Jab": 0, "Strong": 0, "Fierce": 0, "Short": 0, "Forward": 0, "Roundhouse": 0, "Block": 0, "Special": 0}, {"X": 0, "Y": 0, "Jump": 0, "Jab": 0, "Strong": 0, "Fierce": 0, "Short": 0, "Forward": 0, "Roundhouse": 0, "Block": 0, "Special": 0}], [{"X": 1, "Y": 0, "Jump": 1, "Jab": 0, "Strong": 0, "Fierce": 0, "Short": 0, "Forward": 0, "Roundhouse": 0, "Block": 0, "Special": 0}, {"X": 0, "Y": 0, "Jump": 0, "Jab": 0, "Strong": 0, "Fierce": 0, "Short": 0, "Forward": 0, "Roundhouse": 0, "Block": 0, "Special": 0}], [{"X": 1, "Y": 0, "Jump": 1, "Jab": 0, "Strong": 0, "Fierce": 0, "Short": 0, "Forward": 0, "Roundhouse": 0, "Block": 0, "Special": 0}, {"X": 0, "Y": 0, "Jump": 0, "Jab": 0, "Strong": 0, "Fierce": 0, "Short": 0, "Forward": 0, "Roundhouse": 0, "Block": 0, "Special": 0}], [{"X": 1, "Y": 0, "Jump": 1, "Jab": 0, "Strong": 0, "Fierce": 0, "Short": 0, "Forward": 0, "Roundhouse": 0, "Block": 0, "Special": 0}, {"X": 0, "Y": 0, "Jump": 0, "Jab": 0, "Strong": 0, "Fierce": 0, "Short": 0, "Forward": 0, "Roundhouse": 0, "Block": 0, "Special": 0}], [{"X": 1, "Y": 0, "Jump": 1, "Jab": 0, "Strong": 0, "Fierce": 0, "Short": 0, "Forward": 0, "Roundhouse": 0, "Block": 0, "Special": 0}, {"X": 0, "Y": 0, "Jump": 0, "Jab": 0, "Strong": 0, "Fierce": 0, "Short": 0, "Forward": 0, "Roundhouse": 0, "Block": 0, "Special": 0}], [{"X": 1, "Y": 0, "Jump": 1, "Jab": 0, "Strong": 0, "Fierce": 0, "Short": 0, "Forward": 0, "Roundhouse": 0, "Block": 0, "Special": 0}, {"X": 0, "Y": 0, "Jump": 0, "Jab": 0, "Strong": 0, "Fierce": 0, "Short": 0, "Forward": 0, "Roundhouse": 0, "Block": 0, "Special": 0}], [{"X": 1, "Y": 0, "Jump": 1, "Jab": 0, "Strong": 0, "Fierce": 0, "Short": 0, "Forward": 0, "Roundhouse": 0, "Block": 0, "Special": 0}, {"X": 0, "Y": 0, "Jump": 0, "Jab": 0, "Strong": 0, "Fierce": 0, "Short": 0, "Forward": 0, "Roundhouse": 0, "Block": 0, "Special": 0}], [{"X": 1, "Y": 0, "Jump": 1, "Jab": 0, "Strong": 0, "Fierce": 0, "Short": 0, "Forward": 0, "Roundhouse": 0, "Block": 0, "Special": 0}, {"X": 0, "Y": 0, "Jump": 0, "Jab": 0, "Strong": 0, "Fierce": 0, "Short": 0, "Forward": 0, "Roundhouse": 0, "Block": 0, "Special": 0}], [{"X": 1, "Y": 0, "Jump": 0, "Jab": 0, "Strong": 0, "Fierce": 0, "Short": 0, "Forward": 0, "Roundhouse": 0, "Block": 0, "Special": 0}, {"X": 0, "Y": 0, "Jump": 0, "Jab": 0, "Strong": 0, "Fierce": 0, "Short": 0, "Forward": 0, "Roundhouse": 0, "Block": 0, "Special": 0}], [{"X": 1, "Y": 0, "Jump": 0, "Jab": 0, "Strong": 0, "Fierce": 0, "Short": 0, "Forward": 0, "Roundhouse": 0, "Block": 0, "Special": 0}, {"X": 0, "Y": 0, "Jump": 0, "Jab": 0, "Strong": 0, "Fierce": 0, "Short": 0, "Forward": 0, "Roundhouse": 0, "Block": 0, "Special": 0}], [{"X": 1, "Y": 0, "Jump": 0, "Jab": 0, "Strong": 0, "Fierce": 0, "Short": 0, "Forward": 0, "Roundhouse": 0, "Block": 0, "Special": 0}, {"X": 0, "Y": 0, "Jump": 0, "Jab": 0, "Strong": 0, "Fierce": 0, "Short": 0, "Forward": 0, "Roundhouse": 0, "Block": 0, "Special": 0}], [{"X": 1, "Y": 0, "Jump": 0, "Jab": 0, "Strong": 0, "Fierce": 0, "Short": 0, "Forward": 0, "Roundhouse": 0, "Block": 0, "Special": 0}, {"X": 0, "Y": 0, "Jump": 0, "Jab": 0, "Strong": 0, "Fierce": 0, "Short": 0, "Forward": 0, "Roundhouse": 0, "Block": 0, "Special": 0}], [{"X": 1, "Y": 0, "Jump": 0, "Jab": 0, "Strong": 0, "Fierce": 0, "Short": 0, "Forward": 0, "Roundhouse": 1, "Block": 0, "Special": 0}, {"X": 0, "Y": 0, "Jump": 0, "Jab": 0, "Strong": 0, "Fierce": 0, "Short": 0, "Forward": 0, "Roundhouse": 0, "Block": 0, "Special": 0}], [{"X": 1, "Y": 0, "Jump": 0, "Jab": 0, "Strong": 0, "Fierce": 0, "Short": 0, "Forward": 0, "Roundhouse": 1, "Block": 0, "Special": 0}, {"X": 0, "Y": 0, "Jump": 0, "Jab": 0, "Strong": 0, "Fierce": 0, "Short": 0, "Forward": 0, "Roundhouse": 0, "Block": 0, "Special": 0}], [{"X": 1, "Y": 0, "Jump": 0, "Jab": 0, "Strong": 0, "Fierce": 0, "Short": 0, "Forward": 0, "Roundhouse": 1, "Block": 0, "Special": 0}, {"X": 0, "Y": 0, "Jump": 0, "Jab": 0, "Strong": 0, "Fierce": 0, "Short": 0, "Forward": 0, "Roundhouse": 0, "Block": 0, "Special": 0}], [{"X": 1, "Y": 0, "Jump": 0, "Jab": 0, "Strong": 0, "Fierce": 0, "Short": 0, "Forward": 0, "Roundhouse": 1, "Block": 0, "Special": 0}, {"X": 0, "Y": 0, "Jump": 0, "Jab": 0, "Strong": 0, "Fierce": 0, "Short": 0, "Forward": 0, "Roundhouse": 0, "Block": 0, "Special": 0}], [{"X": 1, "Y": 0, "Jump": 0, "Jab": 0, "Strong": 0, "Fierce": 0, "Short": 0, "Forward": 0, "Roundhouse": 0, "Block": 0, "Special": 0}, {"X": 0, "Y": 0, "Jump": 0, "Jab": 0, "Strong": 0, "Fierce": 0, "Short": 0, "Forward": 0, "Roundhouse": 0, "Block": 0, "Special": 0}], [{"X": 1, "Y": 0, "Jump": 0, "Jab": 0, "Strong": 0, "Fierce": 0, "Short": 0, "Forward": 0, "Roundhouse": 0, "Block": 0, "Special": 0}, {"X": 0, "Y": 0, "Jump": 0, "Jab": 0, "Strong": 0, "Fierce": 0, "Short": 0, "Forward": 0, "Roundhouse": 0, "Block": 0, "Special": 0}], [{"X": 1, "Y": 0, "Jump": 0, "Jab": 0, "Strong": 0, "Fierce": 0, "Short": 0, "Forward": 0, "Roundhouse": 0, "Block": 0, "Special": 0}, {"X": 0, "Y": 0, "Jump": 0, "Jab": 0, "Strong": 0, "Fierce": 0, "Short": 0, "Forward": 0, "Roundhouse": 0, "Block": 0, "Special": 0}], [{"X": 1, "Y": 0, "Jump": 0, "Jab": 0, "Strong": 0, "Fierce": 0, "Short": 0, "Forward": 0, "Roundhouse": 0, "Block": 0, "Special": 0}, {"X": 0, "Y": 0, "Jump": 0, "Jab": 0, "Strong": 0, "Fierce": 0, "Short": 0, "Forward": 0, "Roundhouse": 0, "Block": 0, "Special": 0}], [{"X": 1, "Y": 0, "Jump": 0, "Jab": 0, "Strong": 0, "Fierce": 0, "Short": 0, "Forward": 0, "Roundhouse": 0, "Block": 0, "Special": 0}, {"X": 0, "Y": 0, "Jump": 0, "Jab": 0, "Strong": 0, "Fierce": 0, "Short": 0, "Forward": 0, "Roundhouse": 0, "Block": 0, "Special": 0}], [{"X": 1, "Y": 0, "Jump": 0, "Jab": 0, "Strong": 0, "Fierce": 0, "Short": 0, "Forward": 0, "Roundhouse": 0, "Block": 0, "Special": 0}, {"X": 0, "Y": 0, "Jump": 0, "Jab": 0, "Strong": 0, "Fierce": 0, "Short": 0, "Forward": 0, "Roundhouse": 0, "Block": 0, "Special": 0}], [{"X": 1, "Y": 0, "Jump": 0, "Jab": 0, "Strong": 0, "Fierce": 0, "Short": 0, "Forward": 0, "Roundhouse": 0, "Block": 0, "Special": 0}, {"X": 0, "Y": 0, "Jump": 0, "Jab": 0, "Strong": 0, "Fierce": 0, "Short": 0, "Forward": 0, "Roundhouse": 0, "Block": 0, "Special": 0}], [{"X": 1, "Y": 0, "Jump": 0, "Jab": 0, "Strong": 0, "Fierce": 0, "Short": 0, "Forward": 0, "Roundhouse": 0, "Block": 0, "Special": 0}, {"X": 0, "Y": 0, "Jump": 0, "Jab": 0, "Strong": 0, "Fierce": 0, "Short": 0, "Forward": 0, "Roundhouse": 0, "Block": 0, "Special": 0}], [{"X": 1, "Y": 0, "Jump": 0, "Jab": 0, "Strong": 0, "Fierce": 0, "Short": 0, "Forward": 0, "Roundhouse": 0, "Block": 0, "Special": 0}, {"X": 0, "Y": 0, "Jump": 0, "Jab": 0, "Strong": 0, "Fierce": 0, "Short": 0, "Forward": 0, "Roundhouse": 0, "Block": 0, "Special": 0}], [{"X": 1, "Y": 0, "Jump": 0, "Jab": 0, "Strong": 0, "Fierce": 0, "Short": 0, "Forward": 0, "Roundhouse": 0, "Block": 0, "Special": 0}, {"X": 0, "Y": 0, "Jump": 0, "Jab": 0, "Strong": 0, "Fierce": 0, "Short": 0, "Forward": 0, "Roundhouse": 0, "Block": 0, "Special": 0}], [{"X": 1, "Y": 0, "Jump": 0, "Jab": 0, "Strong": 0, "Fierce": 0, "Short": 0, "Forward": 0, "Roundhouse": 0, "Block": 0, "Special": 0}, {"X": 0, "Y": 0, "Jump": 0, "Jab": 0, "Strong": 0, "Fierce": 0, "Short": 0, "Forward": 0, "Roundhouse": 0, "Block": 0, "Special": 0}], [{"X": 1, "Y": 0, "Jump": 0, "Jab": 0, "Strong": 0, "Fierce": 0, "Short": 0, "Forward": 0, "Roundhouse": 0, "Block": 0, "Special": 0}, {"X": 0, "Y": 0, "Jump": 0, "Jab": 0, "Strong": 0, "Fierce": 0, "Short": 0, "Forward": 0, "Roundhouse": 0, "Block": 0, "Special": 0}], [{"X": 1, "Y": 0, "Jump": 1, "Jab": 0, "Strong": 0, "Fierce": 0, "Short": 0, "Forward": 0, "Roundhouse": 0, "Block": 0, "Special": 0}, {"X": 0, "Y": 0, "Jump": 0, "Jab": 0, "Strong": 0, "Fierce": 0, "Short": 0, "Forward": 0, "Roundhouse": 0, "Block": 0, "Special": 0}], [{"X": 1, "Y": 0, "Jump": 1, "Jab": 0, "Strong": 0, "Fierce": 0, "Short": 0, "Forward": 0, "Roundhouse": 0, "Block": 0, "Special": 0}, {"X": 0, "Y": 0, "Jump": 0, "Jab": 0, "Strong": 0, "Fierce": 0, "Short": 0, "Forward": 0, "Roundhouse": 0, "Block": 0, "Special": 0}], [{"X": 1, "Y": 0, "Jump": 1, "Jab": 0, "Strong": 0, "Fierce": 0, "Short": 0, "Forward": 0, "Roundhouse": 0, "Block": 0, "Special": 0}, {"X": 0, "Y": 0, "Jump": 0, "Jab": 0, "Strong": 0, "Fierce": 0, "Short": 0, "Forward": 0, "Roundhouse": 0, "Block": 0, "Special": 0}], [{"X": 1, "Y": 0, "Jump": 1, "Jab": 0, "Strong": 0, "Fierce": 0, "Short": 0, "Forward": 0, "Roundhouse": 0, "Block": 0, "Special": 0}, {"X": 0, "Y": 0, "Jump": 0, "Jab": 0, "Strong": 0, "Fierce": 0, "Short": 0, "Forward": 0, "Roundhouse": 0, "Block": 0, "Special": 0}], [{"X": 1, "Y": 0, "Jump": 1, "Jab": 0, "Strong": 0, "Fierce": 0, "Short": 0, "Forward": 0, "Roundhouse": 0, "Block": 0, "Special": 0}, {"X": 0, "Y": 0, "Jump": 0, "Jab": 0, "Strong": 0, "Fierce": 0, "Short": 0, "Forward": 0, "Roundhouse": 0, "Block": 0, "Special": 0}], [{"X": 1, "Y": 0, "Jump": 1, "Jab": 0, "Strong": 0, "Fierce": 0, "Short": 0, "Forward": 0, "Roundhouse": 0, "Block": 0, "Special": 0}, {"X": 0, "Y": 0, "Jump": 0, "Jab": 0, "Strong": 0, "Fierce": 0, "Short": 0, "Forward": 0, "Roundhouse": 0, "Block": 0, "Special": 0}], [{"X": 1, "Y": 0, "Jump": 1, "Jab": 0, "Strong": 0, "Fierce": 0, "Short": 0, "Forward": 0, "Roundhouse": 0, "Block": 0, "Special": 0}, {"X": 0, "Y": 0, "Jump": 0, "Jab": 0, "Strong": 0, "Fierce": 0, "Short": 0, "Forward": 0, "Roundhouse": 0, "Block": 0, "Special": 0}], [{"X": 1, "Y": 0, "Jump": 1, "Jab": 0, "Strong": 0, "Fierce": 0, "Short": 0, "Forward": 0, "Roundhouse": 0, "Block": 0, "Special": 0}, {"X": 0, "Y": 0, "Jump": 0, "Jab": 0, "Strong": 0, "Fierce": 0, "Short": 0, "Forward": 0, "Roundhouse": 0, "Block": 0, "Special": 0}], [{"X": 1, "Y": 0, "Jump": 1, "Jab": 0, "Strong": 0, "Fierce": 0, "Short": 0, "Forward": 0, "Roundhouse": 1, "Block": 0, "Special": 0}, {"X": 0, "Y": 0, "Jump": 0, "Jab": 0, "Strong": 0, "Fierce": 0, "Short": 0, "Forward": 0, "Roundhouse": 0, "Block": 0, "Special": 0}], [{"X": 1, "Y": 0, "Jump": 1, "Jab": 0, "Strong": 0, "Fierce": 0, "Short": 0, "Forward": 0, "Roundhouse": 1, "Block": 0, "Special": 0}, {"X": 0, "Y": 0, "Jump": 0, "Jab": 0, "Strong": 0, "Fierce": 0, "Short": 0, "Forward": 0, "Roundhouse": 0, "Block": 0, "Special": 0}], [{"X": 1, "Y": 0, "Jump": 0, "Jab": 0, "Strong": 0, "Fierce": 0, "Short": 0, "Forward": 0, "Roundhouse": 1, "Block": 0, "Special": 0}, {"X": 0, "Y": 0, "Jump": 0, "Jab": 0, "Strong": 0, "Fierce": 0, "Short": 0, "Forward": 0, "Roundhouse": 0, "Block": 0, "Special": 0}], [{"X": 1, "Y": 0, "Jump": 0, "Jab": 0, "Strong": 0, "Fierce": 0, "Short": 0, "Forward": 0, "Roundhouse": 1, "Block": 0, "Special": 0}, {"X": 0, "Y": 0, "Jump": 0, "Jab": 0, "Strong": 0, "Fierce": 0, "Short": 0, "Forward": 0, "Roundhouse": 0, "Block": 0, "Special": 0}], [{"X": -1, "Y": 0, "Jump": 0, "Jab": 0, "Strong": 0, "Fierce": 0, "Short": 0, "Forward": 0, "Roundhouse": 0, "Block": 0, "Special": 0}, {"X": 0, "Y": 0, "Jump": 0, "Jab": 0, "Strong": 0, "Fierce": 0, "Short": 0, "Forward": 0, "Roundhouse": 0, "Block": 0, "Special": 0}], [{"X": -1, "Y": 0, "Jump": 1, "Jab": 0, "Strong": 0, "Fierce": 0, "Short": 0, "Forward": 0, "Roundhouse": 0, "Block": 0, "Special": 0}, {"X": 0, "Y": 0, "Jump": 0, "Jab": 0, "Strong": 0, "Fierce": 0, "Short": 0, "Forward": 0, "Roundhouse": 0, "Block": 0, "Special": 0}], [{"X": -1, "Y": 0, "Jump": 1, "Jab": 0, "Strong": 0, "Fierce": 0, "Short": 0, "Forward": 0, "Roundhouse": 0, "Block": 0, "Special": 0}, {"X": 0, "Y": 0, "Jump": 0, "Jab": 0, "Strong": 0, "Fierce": 0, "Short": 0, "Forward": 0, "Roundhouse": 0, "Block": 0, "Special": 0}], [{"X": -1, "Y": 0, "Jump": 1, "Jab": 0, "Strong": 0, "Fierce": 0, "Short": 0, "Forward": 0, "Roundhouse": 0, "Block": 0, "Special": 0}, {"X": 0, "Y": 0, "Jump": 0, "Jab": 0, "Strong": 0, "Fierce": 0, "Short": 0, "Forward": 0, "Roundhouse": 0, "Block": 0, "Special": 0}], [{"X": -1, "Y": 0, "Jump": 1, "Jab": 0, "Strong": 0, "Fierce": 0, "Short": 0, "Forward": 0, "Roundhouse": 0, "Block": 0, "Special": 0}, {"X": 0, "Y": 0, "Jump": 0, "Jab": 0, "Strong": 0, "Fierce": 0, "Short": 0, "Forward": 0, "Roundhouse": 0, "Block": 0, "Special": 0}], [{"X": -1, "Y": 0, "Jump": 1, "Jab": 0, "Strong": 0, "Fierce": 0, "Short": 0, "Forward": 0, "Roundhouse": 0, "Block": 0, "Special": 0}, {"X": 0, "Y": 0, "Jump": 0, "Jab": 0, "Strong": 0, "Fierce": 0, "Short": 0, "Forward": 0, "Roundhouse": 0, "Block": 0, "Special": 0}], [{"X": -1, "Y": 0, "Jump": 1, "Jab": 0, "Strong": 0, "Fierce": 0, "Short": 0, "Forward": 0, "Roundhouse": 0, "Block": 0, "Special": 0}, {"X": 0, "Y": 0, "Jump": 0, "Jab": 0, "Strong": 0, "Fierce": 0, "Short": 0, "Forward": 0, "Roundhouse": 0, "Block": 0, "Special": 0}], [{"X": -1, "Y": 0, "Jump": 1, "Jab": 0, "Strong": 0, "Fierce": 0, "Short": 0, "Forward": 0, "Roundhouse": 1, "Block": 0, "Special": 0}, {"X": 0, "Y": 0, "Jump": 0, "Jab": 0, "Strong": 0, "Fierce": 0, "Short": 0, "Forward": 0, "Roundhouse": 0, "Block": 0, "Special": 0}], [{"X": -1, "Y": 0, "Jump": 1, "Jab": 0, "Strong": 0, "Fierce": 0, "Short": 0, "Forward": 0, "Roundhouse": 1, "Block": 0, "Special": 0}, {"X": 0, "Y": 0, "Jump": 0, "Jab": 0, "Strong": 0, "Fierce": 0, "Short": 0, "Forward": 0, "Roundhouse": 0, "Block": 0, "Special": 0}], [{"X": -1, "Y": 0, "Jump": 1, "Jab": 0, "Strong": 0, "Fierce": 0, "Short": 0, "Forward": 0, "Roundhouse": 1, "Block": 0, "Special": 0}, {"X": 0, "Y": 0, "Jump": 0, "Jab": 0, "Strong": 0, "Fierce": 0, "Short": 0, "Forward": 0, "Roundhouse": 0, "Block": 0, "Special": 0}], [{"X": -1, "Y": 0, "Jump": 1, "Jab": 0, "Strong": 0, "Fierce": 0, "Short": 0, "Forward": 0, "Roundhouse": 1, "Block": 0, "Special": 0}, {"X": 0, "Y": 0, "Jump": 0, "Jab": 0, "Strong": 0, "Fierce": 0, "Short": 0, "Forward": 0, "Roundhouse": 0, "Block": 0, "Special": 0}], [{"X": -1, "Y": 0, "Jump": 1, "Jab": 0, "Strong": 0, "Fierce": 0, "Short": 0, "Forward": 0, "Roundhouse": 0, "Block": 0, "Special": 0}, {"X": 0, "Y": 0, "Jump": 0, "Jab": 0, "Strong": 0, "Fierce": 0, "Short": 0, "Forward": 0, "Roundhouse": 0, "Block": 0, "Special": 0}], [{"X": -1, "Y": 0, "Jump": 1, "Jab": 0, "Strong": 0, "Fierce": 0, "Short": 0, "Forward": 0, "Roundhouse": 0, "Block": 0, "Special": 0}, {"X": 0, "Y": 0, "Jump": 0, "Jab": 0, "Strong": 0, "Fierce": 0, "Short": 0, "Forward": 0, "Roundhouse": 0, "Block": 0, "Special": 0}], [{"X": -1, "Y": 0, "Jump": 1, "Jab": 0, "Strong": 0, "Fierce": 0, "Short": 0, "Forward": 0, "Roundhouse": 0, "Block": 0, "Special": 0}, {"X": 0, "Y": 0, "Jump": 0, "Jab": 0, "Strong": 0, "Fierce": 0, "Short": 0, "Forward": 0, "Roundhouse": 0, "Block": 0, "Special": 0}], [{"X": -1, "Y": 0, "Jump": 1, "Jab": 0, "Strong": 0, "Fierce": 0, "Short": 0, "Forward": 0, "Roundhouse": 0, "Block": 0, "Special": 0}, {"X": 0, "Y": 0, "Jump": 0, "Jab": 0, "Strong": 0, "Fierce": 0, "Short": 0, "Forward": 0, "Roundhouse": 0, "Block": 0, "Special": 0}], [{"X": -1, "Y": 0, "Jump": 1, "Jab": 0, "Strong": 0, "Fierce": 0, "Short": 0, "Forward": 0, "Roundhouse": 1, "Block": 0, "Special": 0}, {"X": 0, "Y": 0, "Jump": 0, "Jab": 0, "Strong": 0, "Fierce": 0, "Short": 0, "Forward": 0, "Roundhouse": 0, "Block": 0, "Special": 0}], [{"X": -1, "Y": 0, "Jump": 1, "Jab": 0, "Strong": 0, "Fierce": 0, "Short": 0, "Forward": 0, "Roundhouse": 0, "Block": 0, "Special": 0}, {"X": 0, "Y": 0, "Jump": 0, "Jab": 0, "Strong": 0, "Fierce": 0, "Short": 0, "Forward": 0, "Roundhouse": 0, "Block": 0, "Special": 0}], [{"X": -1, "Y": 0, "Jump": 1, "Jab": 0, "Strong": 0, "Fierce": 0, "Short": 0, "Forward": 0, "Roundhouse": 0, "Block": 0, "Special": 0}, {"X": 0, "Y": 0, "Jump": 0, "Jab": 0, "Strong": 0, "Fierce": 0, "Short": 0, "Forward": 0, "Roundhouse": 0, "Block": 0, "Special": 0}], [{"X": -1, "Y": 0, "Jump": 1, "Jab": 0, "Strong": 0, "Fierce": 0, "Short": 0, "Forward": 0, "Roundhouse": 1, "Block": 0, "Special": 0}, {"X": 0, "Y": 0, "Jump": 0, "Jab": 0, "Strong": 0, "Fierce": 0, "Short": 0, "Forward": 0, "Roundhouse": 0, "Block": 0, "Special": 0}], [{"X": -1, "Y": 0, "Jump": 0, "Jab": 0, "Strong": 0, "Fierce": 0, "Short": 0, "Forward": 0, "Roundhouse": 0, "Block": 0, "Special": 0}, {"X": 0, "Y": 0, "Jump": 0, "Jab": 0, "Strong": 0, "Fierce": 0, "Short": 0, "Forward": 0, "Roundhouse": 0, "Block": 0, "Special": 0}], [{"X": -1, "Y": 0, "Jump": 0, "Jab": 0, "Strong": 0, "Fierce": 0, "Short": 0, "Forward": 0, "Roundhouse": 0, "Block": 0, "Special": 0}, {"X": 0, "Y": 0, "Jump": 0, "Jab": 0, "Strong": 0, "Fierce": 0, "Short": 0, "Forward": 0, "Roundhouse": 0, "Block": 0, "Special": 0}], [{"X": -1, "Y": 0, "Jump": 0, "Jab": 0, "Strong": 0, "Fierce": 0, "Short": 0, "Forward": 0, "Roundhouse": 0, "Block": 0, "Special": 0}, {"X": 0, "Y": 0, "Jump": 0, "Jab": 0, "Strong": 0, "Fierce": 0, "Short": 0, "Forward": 0, "Roundhouse": 0, "Block": 0, "Special": 0}], [{"X": -1, "Y": 0, "Jump": 0, "Jab": 0, "Strong": 0, "Fierce": 0, "Short": 0, "Forward": 0, "Roundhouse": 0, "Block": 0, "Special": 0}, {"X": 0, "Y": 0, "Jump": 0, "Jab": 0, "Strong": 0, "Fierce": 0, "Short": 0, "Forward": 0, "Roundhouse": 0, "Block": 0, "Special": 0}], [{"X": -1, "Y": 0, "Jump": 0, "Jab": 0, "Strong": 0, "Fierce": 0, "Short": 0, "Forward": 0, "Roundhouse": 0, "Block": 0, "Special": 0}, {"X": 0, "Y": 0, "Jump": 0, "Jab": 0, "Strong": 0, "Fierce": 0, "Short": 0, "Forward": 0, "Roundhouse": 0, "Block": 0, "Special": 0}], [{"X": -1, "Y": 0, "Jump": 0, "Jab": 0, "Strong": 0, "Fierce": 0, "Short": 0, "Forward": 0, "Roundhouse": 0, "Block": 0, "Special": 0}, {"X": 0, "Y": 0, "Jump": 0, "Jab": 0, "Strong": 0, "Fierce": 0, "Short": 0, "Forward": 0, "Roundhouse": 0, "Block": 0, "Special": 0}], [{"X": -1, "Y": 0, "Jump": 0, "Jab": 0, "Strong": 0, "Fierce": 0, "Short": 0, "Forward": 0, "Roundhouse": 0, "Block": 0, "Special": 0}, {"X": 0, "Y": 0, "Jump": 0, "Jab": 0, "Strong": 0, "Fierce": 0, "Short": 0, "Forward": 0, "Roundhouse": 0, "Block": 0, "Special": 0}], [{"X": -1, "Y": 0, "Jump": 0, "Jab": 0, "Strong": 0, "Fierce": 0, "Short": 0, "Forward": 0, "Roundhouse": 0, "Block": 0, "Special": 0}, {"X": 0, "Y": 0, "Jump": 0, "Jab": 0, "Strong": 0, "Fierce": 0, "Short": 0, "Forward": 0, "Roundhouse": 0, "Block": 0, "Special": 0}], [{"X": -1, "Y": 0, "Jump": 0, "Jab": 0, "Strong": 0, "Fierce": 0, "Short": 0, "Forward": 0, "Roundhouse": 0, "Block": 0, "Special": 0}, {"X": 0, "Y": 0, "Jump": 0, "Jab": 0, "Strong": 0, "Fierce": 0, "Short": 0, "Forward": 0, "Roundhouse": 0, "Block": 0, "Special": 0}], [{"X": -1, "Y": 0, "Jump": 0, "Jab": 0, "Strong": 0, "Fierce": 0, "Short": 0, "Forward": 0, "Roundhouse": 0, "Block": 0, "Special": 0}, {"X": 0, "Y": 0, "Jump": 0, "Jab": 0, "Strong": 0, "Fierce": 0, "Short": 0, "Forward": 0, "Roundhouse": 0, "Block": 0, "Special": 0}], [{"X": -1, "Y": 0, "Jump": 0, "Jab": 0, "Strong": 0, "Fierce": 0, "Short": 0, "Forward": 0, "Roundhouse": 0, "Block": 0, "Special": 0}, {"X": 0, "Y": 0, "Jump": 0, "Jab": 0, "Strong": 0, "Fierce": 0, "Short": 0, "Forward": 0, "Roundhouse": 0, "Block": 0, "Special": 0}], [{"X": -1, "Y": 0, "Jump": 0, "Jab": 0, "Strong": 0, "Fierce": 0, "Short": 0, "Forward": 0, "Roundhouse": 0, "Block": 0, "Special": 0}, {"X": 0, "Y": 0, "Jump": 0, "Jab": 0, "Strong": 0, "Fierce": 0, "Short": 0, "Forward": 0, "Roundhouse": 0, "Block": 0, "Special": 0}], [{"X": -1, "Y": 0, "Jump": 0, "Jab": 0, "Strong": 0, "Fierce": 0, "Short": 0, "Forward": 0, "Roundhouse": 0, "Block": 0, "Special": 0}, {"X": 0, "Y": 0, "Jump": 0, "Jab": 0, "Strong": 0, "Fierce": 0, "Short": 0, "Forward": 0, "Roundhouse": 0, "Block": 0, "Special": 0}], [{"X": -1, "Y": 0, "Jump": 0, "Jab": 0, "Strong": 0, "Fierce": 0, "Short": 0, "Forward": 0, "Roundhouse": 0, "Block": 0, "Special": 0}, {"X": 0, "Y": 0, "Jump": 0, "Jab": 0, "Strong": 0, "Fierce": 0, "Short": 0, "Forward": 0, "Roundhouse": 0, "Block": 0, "Special": 0}], [{"X": -1, "Y": 0, "Jump": 0, "Jab": 0, "Strong": 0, "Fierce": 0, "Short": 0, "Forward": 0, "Roundhouse": 0, "Block": 0, "Special": 0}, {"X": 0, "Y": 0, "Jump": 0, "Jab": 0, "Strong": 0, "Fierce": 0, "Short": 0, "Forward": 0, "Roundhouse": 0, "Block": 0, "Special": 0}], [{"X": -1, "Y": 0, "Jump": 0, "Jab": 0, "Strong": 0, "Fierce": 0, "Short": 0, "Forward": 0, "Roundhouse": 0, "Block": 0, "Special": 0}, {"X": 0, "Y": 0, "Jump": 0, "Jab": 0, "Strong": 0, "Fierce": 0, "Short": 0, "Forward": 0, "Roundhouse": 0, "Block": 0, "Special": 0}], [{"X": -1, "Y": 0, "Jump": 0, "Jab": 0, "Strong": 0, "Fierce": 0, "Short": 0, "Forward": 0, "Roundhouse": 0, "Block": 0, "Special": 0}, {"X": 0, "Y": 0, "Jump": 0, "Jab": 0, "Strong": 0, "Fierce": 0, "Short": 0, "Forward": 0, "Roundhouse": 0, "Block": 0, "Special": 0}], [{"X": -1, "Y": 0, "Jump": 0, "Jab": 0, "Strong": 0, "Fierce": 0, "Short": 0, "Forward": 0, "Roundhouse": 0, "Block": 0, "Special": 0}, {"X": 0, "Y": 0, "Jump": 0, "Jab": 0, "Strong": 0, "Fierce": 0, "Short": 0, "Forward": 0, "Roundhouse": 0, "Block": 0, "Special": 0}], [{"X": -1, "Y": 0, "Jump": 0, "Jab": 0, "Strong": 0, "Fierce": 0, "Short": 0, "Forward": 0, "Roundhouse": 0, "Block": 0, "Special": 0}, {"X": 0, "Y": 0, "Jump": 0, "Jab": 0, "Strong": 0, "Fierce": 0, "Short": 0, "Forward": 0, "Roundhouse": 0, "Block": 0, "Special": 0}], [{"X": -1, "Y": 0, "Jump": 1, "Jab": 0, "Strong": 0, "Fierce": 0, "Short": 0, "Forward": 0, "Roundhouse": 0, "Block": 0, "Special": 0}, {"X": 0, "Y": 0, "Jump": 0, "Jab": 0, "Strong": 0, "Fierce": 0, "Short": 0, "Forward": 0, "Roundhouse": 0, "Block": 0, "Special": 0}], [{"X": -1, "Y": 0, "Jump": 1, "Jab": 0, "Strong": 0, "Fierce": 0, "Short": 0, "Forward": 0, "Roundhouse": 0, "Block": 0, "Special": 0}, {"X": 0, "Y": 0, "Jump": 0, "Jab": 0, "Strong": 0, "Fierce": 0, "Short": 0, "Forward": 0, "Roundhouse": 0, "Block": 0, "Special": 0}], [{"X": -1, "Y": 0, "Jump": 1, "Jab": 0, "Strong": 0, "Fierce": 0, "Short": 0, "Forward": 0, "Roundhouse": 0, "Block": 0, "Special": 0}, {"X": 0, "Y": 0, "Jump": 0, "Jab": 0, "Strong": 0, "Fierce": 0, "Short": 0, "Forward": 0, "Roundhouse": 0, "Block": 0, "Special": 0}], [{"X": -1, "Y": 0, "Jump": 1, "Jab": 0, "Strong": 0, "Fierce": 0, "Short": 0, "Forward": 0, "Roundhouse": 0, "Block": 0, "Special": 0}, {"X": 0, "Y": 0, "Jump": 0, "Jab": 0, "Strong": 0, "Fierce": 0, "Short": 0, "Forward": 0, "Roundhouse": 0, "Block": 0, "Special": 0}], [{"X": -1, "Y": 0, "Jump": 1, "Jab": 0, "Strong": 0, "Fierce": 0, "Short": 0, "Forward": 0, "Roundhouse": 0, "Block": 0, "Special": 0}, {"X": 0, "Y": 0, "Jump": 0, "Jab": 0, "Strong": 0, "Fierce": 0, "Short": 0, "Forward": 0, "Roundhouse": 0, "Block": 0, "Special": 0}], [{"X": -1, "Y": 0, "Jump": 1, "Jab": 0, "Strong": 0, "Fierce": 0, "Short": 0, "Forward": 0, "Roundhouse": 1, "Block": 0, "Special": 0}, {"X": 0, "Y": 0, "Jump": 0, "Jab": 0, "Strong": 0, "Fierce": 0, "Short": 0, "Forward": 0, "Roundhouse": 0, "Block": 0, "Special": 0}], [{"X": -1, "Y": 0, "Jump": 1, "Jab": 0, "Strong": 0, "Fierce": 0, "Short": 0, "Forward": 0, "Roundhouse": 1, "Block": 0, "Special": 0}, {"X": 0, "Y": 0, "Jump": 0, "Jab": 0, "Strong": 0, "Fierce": 0, "Short": 0, "Forward": 0, "Roundhouse": 0, "Block": 0, "Special": 0}], [{"X": -1, "Y": 0, "Jump": 1, "Jab": 0, "Strong": 0, "Fierce": 0, "Short": 0, "Forward": 0, "Roundhouse": 1, "Block": 0, "Special": 0}, {"X": 0, "Y": 0, "Jump": 0, "Jab": 0, "Strong": 0, "Fierce": 0, "Short": 0, "Forward": 0, "Roundhouse": 0, "Block": 0, "Special": 0}], [{"X": -1, "Y": 0, "Jump": 1, "Jab": 0, "Strong": 0, "Fierce": 0, "Short": 0, "Forward": 0, "Roundhouse": 1, "Block": 0, "Special": 0}, {"X": 0, "Y": 0, "Jump": 0, "Jab": 0, "Strong": 0, "Fierce": 0, "Short": 0, "Forward": 0, "Roundhouse": 0, "Block": 0, "Special": 0}]]